zpid,home_type,posted,daysOnMarket,home_URL,home_status,home_price,home_address,home_zipcode,num_beds,num_baths,home_area,land_area,sold_price,sold_date,daysOnZillow_soldPage,area,Avg_Sqrt_listing,Avg_Sqrt_sold,difference_Avg_Sqrt,total_Pct_Change_price
31172756,SINGLE_FAMILY,2025-06-28 00:00:00,3,https://www.zillow.com/homedetails/70-Terrace-Ave-Floral-Park-NY-11001/31172756_zpid/,FOR_SALE,775000,"70 Terrace Avenue, Floral Park, NY 11001",11001,3.0,1.0,1300.0,6000.0,,,,Floral Park,596.0,,,
167483746,SINGLE_FAMILY,2025-06-22 00:00:00,9,https://www.zillow.com/homedetails/9323-245th-St-Floral-Park-NY-11001/167483746_zpid/,FOR_SALE,799000,"93-23 245th Street, Floral Park, NY 11001",11001,3.0,2.0,1340.0,2700.0,,,,Floral Park,596.0,,,
31174227,SINGLE_FAMILY,2025-06-05 00:00:00,26,https://www.zillow.com/homedetails/193-Beech-St-Floral-Park-NY-11001/31174227_zpid/,FOR_SALE,849000,"193 Beech Street, Floral Park, NY 11001",11001,3.0,2.0,1400.0,5000.0,,,,Floral Park,606.0,,,
302827141,SINGLE_FAMILY,2025-05-18 00:00:00,44,https://www.zillow.com/homedetails/94-31-239th-St-Floral-Park-NY-11001/302827141_zpid/,FOR_SALE,649000,"94-31 239th Street, Floral Park, NY 11001",11001,4.0,4.0,1315.0,1980.0,,,,Floral Park,494.0,,,
167483268,SINGLE_FAMILY,2024-11-19 00:00:00,224,https://www.zillow.com/homedetails/9451-226th-St-Floral-Park-NY-11001/167483268_zpid/,FOR_SALE,684900,"94-51 226th Street, Floral Park, NY 11001",11001,3.0,1.0,1264.0,2800.0,,,,Floral Park,542.0,,,
31173787,SINGLE_FAMILY,2025-06-18 00:00:00,13,https://www.zillow.com/homedetails/24-Childs-Ave-Floral-Park-NY-11001/31173787_zpid/,FOR_SALE,850000,"24 Childs Avenue, Floral Park, NY 11001",11001,3.0,3.0,1242.0,4000.0,,,,Floral Park,684.0,,,
31172895,SINGLE_FAMILY,2025-06-16 00:00:00,15,https://www.zillow.com/homedetails/71-Floral-Blvd-Floral-Park-NY-11001/31172895_zpid/,FOR_SALE,749000,"71 Floral Boulevard, Floral Park, NY 11001",11001,4.0,1.0,1238.0,5000.0,,,,Floral Park,605.0,,,
31173306,SINGLE_FAMILY,2025-06-11 00:00:00,20,https://www.zillow.com/homedetails/73-Spruce-Ave-Floral-Park-NY-11001/31173306_zpid/,FOR_SALE,858000,"73 Spruce Avenue, Floral Park, NY 11001",11001,3.0,2.0,1329.0,7500.0,,,,Floral Park,646.0,,,
31171646,SINGLE_FAMILY,2025-06-06 00:00:00,25,https://www.zillow.com/homedetails/8-Boston-Rd-Floral-Park-NY-11001/31171646_zpid/,FOR_SALE,980000,"8 Boston Road, Bellerose Village, NY 11001",11001,3.0,2.0,1684.0,4000.0,,,,Bellerose Village,582.0,,,
2074548020,SINGLE_FAMILY,2025-02-22 00:00:00,129,https://www.zillow.com/homedetails/95-27-239th-St-Floral-Park-NY-11001/2074548020_zpid/,FOR_SALE,699999,"95-27 239th Street, Floral Park, NY 11001",11001,3.0,3.0,,1980.0,,,,Floral Park,,,,
2056754786,SINGLE_FAMILY,2025-04-10 00:00:00,82,https://www.zillow.com/homedetails/28-Landau-Ave-Floral-Park-NY-11001/2056754786_zpid/,FOR_SALE,799000,"28 Landau Avenue, Floral Park, NY 11001",11001,3.0,2.0,1400.0,4000.0,,,,Floral Park,571.0,,,
167483752,SINGLE_FAMILY,2025-04-24 00:00:00,68,https://www.zillow.com/homedetails/93-30-246th-St-Floral-Park-NY-11001/167483752_zpid/,FOR_SALE,768888,"93-30 246th Street, Bellerose Terrace, NY 11001",11001,4.0,2.0,1375.0,2700.0,,,,Bellerose Terrace,559.0,,,
31171926,MULTI_FAMILY,2025-06-09 00:00:00,22,https://www.zillow.com/homedetails/99-Elizabeth-St-Floral-Park-NY-11001/31171926_zpid/,FOR_SALE,897000,"99 Elizabeth Street, Floral Park, NY 11001",11001,,2.0,1432.0,4000.0,,,,Floral Park,626.0,,,
167483632,SINGLE_FAMILY,2025-06-17 00:00:00,14,https://www.zillow.com/homedetails/9515-243rd-St-Floral-Park-NY-11001/167483632_zpid/,FOR_SALE,859000,"9515 243rd St, Floral Park, NY 11001",11001,3.0,2.0,1788.0,2250.0,,,,Floral Park,480.0,,,
450189438,MULTI_FAMILY,2025-04-24 00:00:00,68,https://www.zillow.com/homedetails/322-Tulip-Ave-Floral-Park-NY-11001/450189438_zpid/,FOR_SALE,949000,"322 Tulip Ave, Floral Park, NY 11001",11001,4.0,2.0,2412.0,6000.0,,,,Floral Park,393.0,,,
31175312,SINGLE_FAMILY,2025-06-24 00:00:00,7,https://www.zillow.com/homedetails/331-Tulip-Ave-Floral-Park-NY-11001/31175312_zpid/,FOR_SALE,949000,"331 Tulip Ave, Floral Park, NY 11001",11001,4.0,2.0,2412.0,6000.0,,,,Floral Park,393.0,,,
31172029,SINGLE_FAMILY,2025-07-01 00:00:00,0,https://www.zillow.com/homedetails/15-Depan-Ave-Floral-Park-NY-11001/31172029_zpid/,FOR_SALE,730000,"15 Depan Avenue, Floral Park, NY 11001",11001,3.0,2.0,1030.0,1960.0,,,,Floral Park,709.0,,,
31101494,SINGLE_FAMILY,2025-05-27 00:00:00,35,https://www.zillow.com/homedetails/379-White-Rd-Mineola-NY-11501/31101494_zpid/,FOR_SALE,755000,"379 White Rd Mineola, Mineola, NY 11501",11501,3.0,3.0,1401.0,4000.0,,,,Mineola,539.0,,,
31102304,SINGLE_FAMILY,2025-06-13 00:00:00,18,https://www.zillow.com/homedetails/43-Westbury-Ave-Mineola-NY-11501/31102304_zpid/,FOR_SALE,599000,"43 Westbury Avenue, Mineola, NY 11501",11501,3.0,1.0,1223.0,5000.0,,,,Mineola,490.0,,,
31112117,SINGLE_FAMILY,2025-06-19 00:00:00,12,https://www.zillow.com/homedetails/360-Foch-Blvd-Mineola-NY-11501/31112117_zpid/,FOR_SALE,699000,"360 Foch Boulevard, Mineola, NY 11501",11501,3.0,2.0,1243.0,3880.0,,,,Mineola,562.0,,,
31109180,SINGLE_FAMILY,2025-06-22 00:00:00,9,https://www.zillow.com/homedetails/163-Grant-Ave-Mineola-NY-11501/31109180_zpid/,FOR_SALE,729000,"163 Grant Avenue, Mineola, NY 11501",11501,3.0,2.0,1243.0,3300.0,,,,Mineola,586.0,,,
31106976,SINGLE_FAMILY,2025-06-19 00:00:00,12,https://www.zillow.com/homedetails/347-Bauer-Pl-Mineola-NY-11501/31106976_zpid/,FOR_SALE,670000,"347 Bauer Pl, Mineola, NY 11501",11501,3.0,2.0,1475.0,2718.0,,,,Mineola,454.0,,,
31107302,SINGLE_FAMILY,2025-06-20 00:00:00,11,https://www.zillow.com/homedetails/35-Juniper-Ave-Mineola-NY-11501/31107302_zpid/,FOR_SALE,697000,"35 Juniper Avenue, Mineola, NY 11501",11501,3.0,1.0,1230.0,4000.0,,,,Mineola,567.0,,,
31101496,SINGLE_FAMILY,2025-06-20 00:00:00,11,https://www.zillow.com/homedetails/371-White-Rd-Mineola-NY-11501/31101496_zpid/,FOR_SALE,799000,"371 White Road, Mineola, NY 11501",11501,3.0,2.0,2200.0,,,,,Mineola,363.0,,,
31106465,SINGLE_FAMILY,2025-06-17 00:00:00,14,https://www.zillow.com/homedetails/247-Barwick-Blvd-Mineola-NY-11501/31106465_zpid/,FOR_SALE,730000,"247 Barwick Boulevard, Mineola, NY 11501",11501,4.0,2.0,2000.0,5000.0,,,,Mineola,365.0,,,
31105490,SINGLE_FAMILY,2025-04-04 00:00:00,88,https://www.zillow.com/homedetails/82-Albertson-Pl-Mineola-NY-11501/31105490_zpid/,FOR_SALE,950000,"82 Albertson Place, Mineola, NY 11501",11501,4.0,3.0,3000.0,4000.0,,,,Mineola,317.0,,,
31107624,SINGLE_FAMILY,2025-05-13 00:00:00,49,https://www.zillow.com/homedetails/189-Meadowsweet-Rd-Mineola-NY-11501/31107624_zpid/,FOR_SALE,930000,"189 Meadowsweet Road, Mineola, NY 11501",11501,4.0,2.0,1832.0,6250.0,,,,Mineola,508.0,,,
31102096,SINGLE_FAMILY,2025-06-11 00:00:00,20,https://www.zillow.com/homedetails/136-Wardwell-Rd-Mineola-NY-11501/31102096_zpid/,FOR_SALE,998888,"136 Wardwell Road, Mineola, NY 11501",11501,6.0,3.0,1650.0,6000.0,,,,Mineola,605.0,,,
31106476,SINGLE_FAMILY,2025-06-26 00:00:00,5,https://www.zillow.com/homedetails/216-Raff-Ave-Mineola-NY-11501/31106476_zpid/,FOR_SALE,850000,"216 Raff Avenue, Mineola, NY 11501",11501,5.0,2.0,1238.0,5000.0,,,,Mineola,687.0,,,
31105437,SINGLE_FAMILY,2025-06-03 00:00:00,28,https://www.zillow.com/homedetails/103-Fairfield-Ave-Mineola-NY-11501/31105437_zpid/,FOR_SALE,899999,"103 Fairfield Avenue, Mineola, NY 11501",11501,5.0,3.0,1993.0,5300.0,,,,Mineola,452.0,,,
31108410,SINGLE_FAMILY,2025-06-06 00:00:00,25,https://www.zillow.com/homedetails/84-Charles-St-Mineola-NY-11501/31108410_zpid/,FOR_SALE,979000,"84 Charles Street, Mineola, NY 11501",11501,3.0,2.0,1800.0,7100.0,,,,Mineola,544.0,,,
31106082,SINGLE_FAMILY,2025-05-21 00:00:00,41,https://www.zillow.com/homedetails/111-Raff-Ave-Mineola-NY-11501/31106082_zpid/,FOR_SALE,949000,"111 Raff Avenue, Mineola, NY 11501",11501,6.0,3.0,1858.0,6000.0,,,,Mineola,511.0,,,
31107060,SINGLE_FAMILY,2025-06-14 00:00:00,17,https://www.zillow.com/homedetails/341-Marcellus-Rd-Mineola-NY-11501/31107060_zpid/,FOR_SALE,789000,"341 Marcellus Road, Mineola, NY 11501",11501,3.0,1.0,1484.0,3500.0,,,,Mineola,532.0,,,
31108990,MULTI_FAMILY,2025-05-21 00:00:00,41,https://www.zillow.com/homedetails/221-Lincoln-Ave-Mineola-NY-11501/31108990_zpid/,FOR_SALE,899000,"221 Lincoln Avenue, Mineola, NY 11501",11501,3.0,2.0,1174.0,5000.0,,,,Mineola,766.0,,,
450811597,MULTI_FAMILY,2025-05-07 00:00:00,55,https://www.zillow.com/homedetails/160-Garfield-Ave-FLOOR-2-Mineola-NY-11501/450811597_zpid/,FOR_SALE,949000,"160 Garfield Avenue #2, Mineola, NY 11501",11501,3.0,2.0,1710.0,4800.0,,,,Mineola,555.0,,,
31106145,SINGLE_FAMILY,2023-02-18 00:00:00,864,https://www.zillow.com/homedetails/165-Raff-Ave-Mineola-NY-11501/31106145_zpid/,FOR_SALE,777000,"165 Raff Ave, Mineola, NY 11501",11501,3.0,1.0,1155.0,5000.0,,,,Mineola,673.0,,,
31186586,SINGLE_FAMILY,2025-04-03 00:00:00,89,https://www.zillow.com/homedetails/309-S-11th-St-New-Hyde-Park-NY-11040/31186586_zpid/,FOR_SALE,659000,"309 S 11th Street, New Hyde Park, NY 11040",11040,3.0,3.0,1000.0,2500.0,,,,New Hyde Park,659.0,,,
31096250,SINGLE_FAMILY,2025-06-25 00:00:00,6,https://www.zillow.com/homedetails/4-New-Hyde-Park-Rd-New-Hyde-Park-NY-11040/31096250_zpid/,FOR_SALE,729000,"4 New Hyde Park Road, New Hyde Park, NY 11040",11040,4.0,2.0,1320.0,3840.0,,,,New Hyde Park,552.0,,,
31100579,SINGLE_FAMILY,2025-06-19 00:00:00,12,https://www.zillow.com/homedetails/10-Wilton-St-New-Hyde-Park-NY-11040/31100579_zpid/,FOR_SALE,785000,"10 Wilton Street, New Hyde Park, NY 11040",11040,4.0,1.0,1125.0,4000.0,,,,New Hyde Park,698.0,,,
31096458,SINGLE_FAMILY,2025-05-14 00:00:00,48,https://www.zillow.com/homedetails/1639-Belmont-Ave-New-Hyde-Park-NY-11040/31096458_zpid/,FOR_SALE,775000,"1639 Belmont Avenue, New Hyde Park, NY 11040",11040,4.0,2.0,1384.0,4700.0,,,,New Hyde Park,560.0,,,
31093756,SINGLE_FAMILY,2025-05-11 00:00:00,51,https://www.zillow.com/homedetails/907-N-2nd-St-New-Hyde-Park-NY-11040/31093756_zpid/,FOR_SALE,749000,"907 N 2nd Street, New Hyde Park, NY 11040",11040,3.0,3.0,1222.0,5000.0,,,,New Hyde Park,613.0,,,
31172405,SINGLE_FAMILY,2025-06-27 00:00:00,4,https://www.zillow.com/homedetails/529-8th-Ave-New-Hyde-Park-NY-11040/31172405_zpid/,FOR_SALE,888888,"529 8th Avenue, New Hyde Park, NY 11040",11040,4.0,2.0,2124.0,,,,,New Hyde Park,418.0,,,
31110407,SINGLE_FAMILY,2025-03-12 00:00:00,111,https://www.zillow.com/homedetails/2-Yorkshire-Rd-New-Hyde-Park-NY-11040/31110407_zpid/,FOR_SALE,929800,"2 Yorkshire Road, New Hyde Park, NY 11040",11040,4.0,2.0,1336.0,6930.0,,,,New Hyde Park,696.0,,,
31172514,SINGLE_FAMILY,2025-06-10 00:00:00,21,https://www.zillow.com/homedetails/628-8th-Ave-New-Hyde-Park-NY-11040/31172514_zpid/,FOR_SALE,748000,"628 8th Avenue, New Hyde Park, NY 11040",11040,3.0,1.0,1355.0,4000.0,,,,New Hyde Park,552.0,,,
31100068,SINGLE_FAMILY,2025-04-03 00:00:00,89,https://www.zillow.com/homedetails/22-Primrose-Dr-New-Hyde-Park-NY-11040/31100068_zpid/,FOR_SALE,799000,"22 Primrose Drive, New Hyde Park, NY 11040",11040,4.0,2.0,1383.0,6250.0,,,,New Hyde Park,578.0,,,
31097135,SINGLE_FAMILY,2025-06-06 00:00:00,25,https://www.zillow.com/homedetails/1779-Aladdin-Ave-New-Hyde-Park-NY-11040/31097135_zpid/,FOR_SALE,899000,"1779 Aladdin Avenue, New Hyde Park, NY 11040",11040,4.0,2.0,1369.0,5000.0,,,,New Hyde Park,657.0,,,
31186545,MULTI_FAMILY,2025-06-20 00:00:00,11,https://www.zillow.com/homedetails/306-Covert-Ave-New-Hyde-Park-NY-11040/31186545_zpid/,FOR_SALE,899900,"306 Covert Avenue, New Hyde Park, NY 11040",11040,4.0,2.0,1769.0,5763.0,,,,New Hyde Park,509.0,,,
31095775,SINGLE_FAMILY,2025-04-08 00:00:00,84,https://www.zillow.com/homedetails/2013-New-Hyde-Park-Rd-New-Hyde-Park-NY-11040/31095775_zpid/,FOR_SALE,949000,"2013 New Hyde Park Road, New Hyde Park, NY 11040",11040,4.0,3.0,1671.0,5000.0,,,,New Hyde Park,568.0,,,
31111282,SINGLE_FAMILY,2025-05-08 00:00:00,54,https://www.zillow.com/homedetails/62-Bretton-Rd-New-Hyde-Park-NY-11040/31111282_zpid/,FOR_SALE,989000,"62 Bretton Road, New Hyde Park, NY 11040",11040,3.0,3.0,1608.0,7150.0,,,,New Hyde Park,615.0,,,
31098375,SINGLE_FAMILY,2025-06-18 00:00:00,13,https://www.zillow.com/homedetails/145-Gerard-Ave-New-Hyde-Park-NY-11040/31098375_zpid/,FOR_SALE,929000,"145 Gerard Avenue, New Hyde Park, NY 11040",11040,4.0,2.0,1266.0,6100.0,,,,New Hyde Park,734.0,,,
31181673,SINGLE_FAMILY,2025-06-14 00:00:00,17,https://www.zillow.com/homedetails/104-S-3rd-St-New-Hyde-Park-NY-11040/31181673_zpid/,FOR_SALE,950000,"104 S 3rd Street, New Hyde Park, NY 11040",11040,6.0,3.0,2072.0,5000.0,,,,New Hyde Park,458.0,,,
31094091,SINGLE_FAMILY,2025-06-13 00:00:00,18,https://www.zillow.com/homedetails/517-N-2nd-St-New-Hyde-Park-NY-11040/31094091_zpid/,FOR_SALE,799000,"517 N 2nd Street, New Hyde Park, NY 11040",11040,3.0,2.0,1720.0,4000.0,,,,New Hyde Park,465.0,,,
31185948,MULTI_FAMILY,2025-06-20 00:00:00,11,https://www.zillow.com/homedetails/1114-1st-Ave-New-Hyde-Park-NY-11040/31185948_zpid/,FOR_SALE,988888,"1114 1st Avenue, New Hyde Park, NY 11040",11040,4.0,3.0,1400.0,1500.0,,,,New Hyde Park,706.0,,,
31101012,SINGLE_FAMILY,2025-05-14 00:00:00,48,https://www.zillow.com/homedetails/109-Wilton-St-New-Hyde-Park-NY-11040/31101012_zpid/,FOR_SALE,998000,"109 Wilton Street, New Hyde Park, NY 11040",11040,4.0,2.0,1794.0,4000.0,,,,New Hyde Park,556.0,,,
31098294,SINGLE_FAMILY,2025-06-17 00:00:00,14,https://www.zillow.com/homedetails/147-Nugent-St-New-Hyde-Park-NY-11040/31098294_zpid/,FOR_SALE,989000,"147 Nugent Street, New Hyde Park, NY 11040",11040,3.0,1.0,1284.0,5610.0,,,,New Hyde Park,770.0,,,
31094804,SINGLE_FAMILY,2025-04-27 00:00:00,65,https://www.zillow.com/homedetails/556-N-12th-St-New-Hyde-Park-NY-11040/31094804_zpid/,FOR_SALE,838000,"556 N 12 Street, New Hyde Park, NY 11040",11040,4.0,2.0,1281.0,,,,,New Hyde Park,654.0,,,
31097133,SINGLE_FAMILY,2025-06-13 00:00:00,18,https://www.zillow.com/homedetails/1742-W-End-Ave-New-Hyde-Park-NY-11040/31097133_zpid/,FOR_SALE,875000,"1742 W End Ave, New Hyde Park, NY 11040",11040,3.0,1.0,1200.0,5000.0,,,,New Hyde Park,729.0,,,
31093405,SINGLE_FAMILY,2025-04-20 00:00:00,72,https://www.zillow.com/homedetails/1793-Stewart-Ave-New-Hyde-Park-NY-11040/31093405_zpid/,FOR_SALE,945000,"1793 Stewart Avenue, New Hyde Park, NY 11040",11040,4.0,1.0,1715.0,6100.0,,,,New Hyde Park,551.0,,,
31100546,SINGLE_FAMILY,2025-06-25 00:00:00,6,https://www.zillow.com/homedetails/33-Park-Cir-New-Hyde-Park-NY-11040/31100546_zpid/,FOR_SALE,979000,"33 Park Circle, New Hyde Park, NY 11040",11040,4.0,2.0,1600.0,4171.0,,,,New Hyde Park,612.0,,,
31092322,SINGLE_FAMILY,2025-05-01 00:00:00,61,https://www.zillow.com/homedetails/1041-N-6th-St-New-Hyde-Park-NY-11040/31092322_zpid/,FOR_SALE,899000,"1041 N 6th Street, New Hyde Park, NY 11040",11040,4.0,2.0,1855.0,4000.0,,,,New Hyde Park,485.0,,,
31186381,SINGLE_FAMILY,2025-04-24 00:00:00,68,https://www.zillow.com/homedetails/80-Park-Ave-New-Hyde-Park-NY-11040/31186381_zpid/,FOR_SALE,989000,"80 Park Avenue, New Hyde Park, NY 11040",11040,3.0,2.0,1284.0,5000.0,,,,New Hyde Park,770.0,,,
31099017,SINGLE_FAMILY,2025-06-06 00:00:00,25,https://www.zillow.com/homedetails/26-Greenway-New-Hyde-Park-NY-11040/31099017_zpid/,FOR_SALE,999999,"26 Greenway, New Hyde Park, NY 11040",11040,2.0,2.0,1104.0,8820.0,,,,New Hyde Park,906.0,,,
31095259,SINGLE_FAMILY,2025-05-08 00:00:00,54,https://www.zillow.com/homedetails/35-Barwick-St-Floral-Park-NY-11001/31095259_zpid/,FOR_SALE,948000,"35 Barwick Street, Floral Park, NY 11001",11001,3.0,1.0,1300.0,4000.0,,,,Floral Park,729.0,,,
31204795,SINGLE_FAMILY,2025-06-30 00:00:00,1,https://www.zillow.com/homedetails/226-James-St-Franklin-Square-NY-11010/31204795_zpid/,FOR_SALE,739000,"226 James Street, Franklin Square, NY 11010",11010,3.0,1.0,1229.0,4000.0,,,,Franklin Square,601.0,,,
31213565,SINGLE_FAMILY,2025-06-27 00:00:00,4,https://www.zillow.com/homedetails/757-Marion-St-Franklin-Square-NY-11010/31213565_zpid/,FOR_SALE,749000,"757 Marion, Franklin Square, NY 11010",11010,4.0,2.0,1156.0,7150.0,,,,Franklin Square,648.0,,,
31204605,SINGLE_FAMILY,2025-05-23 00:00:00,39,https://www.zillow.com/homedetails/166-Madison-St-Franklin-Square-NY-11010/31204605_zpid/,FOR_SALE,798000,"166 Madison St, Franklin Square, NY 11010",11010,4.0,2.0,1271.0,4000.0,,,,Franklin Square,628.0,,,
31205989,SINGLE_FAMILY,2025-06-19 00:00:00,12,https://www.zillow.com/homedetails/662-Benris-Ave-Franklin-Square-NY-11010/31205989_zpid/,FOR_SALE,699000,"662 Benris Avenue, Franklin Square, NY 11010",11010,4.0,1.0,1422.0,4100.0,,,,Franklin Square,492.0,,,
31189703,SINGLE_FAMILY,2025-06-07 00:00:00,24,https://www.zillow.com/homedetails/62-Herman-Blvd-Franklin-Square-NY-11010/31189703_zpid/,FOR_SALE,799000,"62 Herman Boulevard, Franklin Square, NY 11010",11010,4.0,3.0,1589.0,4000.0,,,,Franklin Square,503.0,,,
31214270,SINGLE_FAMILY,2025-06-10 00:00:00,21,https://www.zillow.com/homedetails/738-Craft-Ave-Franklin-Square-NY-11010/31214270_zpid/,FOR_SALE,899990,"738 Craft Avenue, Franklin Square, NY 11010",11010,3.0,3.0,1375.0,,,,,Franklin Square,655.0,,,
31205028,SINGLE_FAMILY,2025-06-25 00:00:00,6,https://www.zillow.com/homedetails/883-Saint-James-Pl-Franklin-Square-NY-11010/31205028_zpid/,FOR_SALE,899000,"883 Saint James Place, Franklin Square, NY 11010",11010,4.0,3.0,1900.0,5700.0,,,,Franklin Square,473.0,,,
31203672,SINGLE_FAMILY,2025-06-13 00:00:00,18,https://www.zillow.com/homedetails/184-Doris-Ave-Franklin-Square-NY-11010/31203672_zpid/,FOR_SALE,949000,"184 Doris Avenue, Franklin Square, NY 11010",11010,5.0,2.0,2079.0,5400.0,,,,Franklin Square,456.0,,,
31189892,SINGLE_FAMILY,2025-02-21 00:00:00,130,https://www.zillow.com/homedetails/78-New-Hyde-Park-Rd-Franklin-Square-NY-11010/31189892_zpid/,FOR_SALE,705000,"78 New Hyde Park Road, Franklin Square, NY 11010",11010,5.0,2.0,1303.0,4000.0,,,,Franklin Square,541.0,,,
31189497,SINGLE_FAMILY,2025-06-28 00:00:00,3,https://www.zillow.com/homedetails/53-Grand-St-Elmont-NY-11003/31189497_zpid/,FOR_SALE,724999,"53 Grand Street, Elmont, NY 11003",11003,4.0,2.0,1002.0,4500.0,,,,Elmont,724.0,,,
31214221,SINGLE_FAMILY,2025-06-04 00:00:00,27,https://www.zillow.com/homedetails/697-Byron-Ave-Franklin-Square-NY-11010/31214221_zpid/,FOR_SALE,799000,"697 Byron Avenue, Franklin Square, NY 11010",11010,3.0,2.0,1216.0,6600.0,,,,Franklin Square,657.0,,,
31205385,SINGLE_FAMILY,2025-06-26 00:00:00,5,https://www.zillow.com/homedetails/422-Saint-Agnes-Pl-Franklin-Square-NY-11010/31205385_zpid/,FOR_SALE,788500,"422 Saint Agnes Place, Franklin Square, NY 11010",11010,3.0,3.0,1275.0,5000.0,,,,Franklin Square,618.0,,,
31202914,SINGLE_FAMILY,2025-05-21 00:00:00,41,https://www.zillow.com/homedetails/1150-Langdon-St-Franklin-Square-NY-11010/31202914_zpid/,FOR_SALE,849000,"1150 Langdon Street, Franklin Square, NY 11010",11010,5.0,2.0,1969.0,5959.0,,,,Franklin Square,431.0,,,
31215772,SINGLE_FAMILY,2025-05-30 00:00:00,32,https://www.zillow.com/homedetails/465-Eureka-Ave-Elmont-NY-11003/31215772_zpid/,FOR_SALE,585000,"465 Eureka Avenue, Elmont, NY 11003",11003,2.0,1.0,955.0,4752.0,,,,Elmont,613.0,,,
31203685,SINGLE_FAMILY,2025-05-02 00:00:00,60,https://www.zillow.com/homedetails/197-Doris-Ave-Franklin-Square-NY-11010/31203685_zpid/,FOR_SALE,975000,"197 Doris Avenue, Franklin Square, NY 11010",11010,5.0,4.0,2000.0,5900.0,,,,Franklin Square,488.0,,,
31202933,SINGLE_FAMILY,2025-06-03 00:00:00,28,https://www.zillow.com/homedetails/154-Randolph-Ave-Franklin-Square-NY-11010/31202933_zpid/,FOR_SALE,645000,"154 Randolph Avenue, Franklin Square, NY 11010",11010,3.0,1.0,1316.0,4000.0,,,,Franklin Square,490.0,,,
31204549,SINGLE_FAMILY,2025-06-12 00:00:00,19,https://www.zillow.com/homedetails/122-James-St-Franklin-Square-NY-11010/31204549_zpid/,FOR_SALE,820000,"122 James Street, Franklin Square, NY 11010",11010,4.0,2.0,1649.0,6000.0,,,,Franklin Square,497.0,,,
31202425,SINGLE_FAMILY,2025-05-14 00:00:00,48,https://www.zillow.com/homedetails/1000-Russell-St-Franklin-Square-NY-11010/31202425_zpid/,FOR_SALE,699000,"1000 Russell Street, Franklin Square, NY 11010",11010,4.0,1.0,1266.0,3300.0,,,,Franklin Square,552.0,,,
31215469,SINGLE_FAMILY,2025-06-19 00:00:00,12,https://www.zillow.com/homedetails/738-Carlyle-Ave-Franklin-Square-NY-11010/31215469_zpid/,FOR_SALE,828888,"738 Carlyle Avenue, Franklin Square, NY 11010",11010,3.0,2.0,1539.0,7227.0,,,,Franklin Square,539.0,,,
31205727,SINGLE_FAMILY,2025-06-06 00:00:00,25,https://www.zillow.com/homedetails/1158-Lorraine-Dr-Franklin-Square-NY-11010/31205727_zpid/,FOR_SALE,824999,"1158 Lorraine Drive, Franklin Square, NY 11010",11010,3.0,2.0,1562.0,6000.0,,,,Franklin Square,528.0,,,
31189548,SINGLE_FAMILY,2025-06-19 00:00:00,12,https://www.zillow.com/homedetails/8-Clinton-St-Elmont-NY-11003/31189548_zpid/,FOR_SALE,749999,"8 Clinton Street, Elmont, NY 11003",11003,3.0,3.0,1470.0,4500.0,,,,Elmont,510.0,,,
31205066,SINGLE_FAMILY,2025-06-13 00:00:00,18,https://www.zillow.com/homedetails/1078-Hancock-Ave-Franklin-Square-NY-11010/31205066_zpid/,FOR_SALE,719000,"1078 Hancock Avenue, Franklin Square, NY 11010",11010,4.0,2.0,1405.0,5000.0,,,,Franklin Square,512.0,,,
31205261,SINGLE_FAMILY,2025-05-13 00:00:00,49,https://www.zillow.com/homedetails/1070-Polk-Ave-Franklin-Square-NY-11010/31205261_zpid/,FOR_SALE,729000,"1070 Polk Avenue, Franklin Square, NY 11010",11010,4.0,2.0,1221.0,4500.0,,,,Franklin Square,597.0,,,
31215372,SINGLE_FAMILY,2025-06-08 00:00:00,23,https://www.zillow.com/homedetails/696-Byron-Ave-Franklin-Square-NY-11010/31215372_zpid/,FOR_SALE,879000,"696 Byron Avenue, Franklin Square, NY 11010",11010,3.0,2.0,1216.0,6053.0,,,,Franklin Square,723.0,,,
31202435,SINGLE_FAMILY,2025-06-27 00:00:00,4,https://www.zillow.com/homedetails/84-Scherer-Blvd-Franklin-Square-NY-11010/31202435_zpid/,FOR_SALE,799000,"84 Scherer Boulevard, Franklin Square, NY 11010",11010,3.0,2.0,1134.0,8000.0,,,,Franklin Square,705.0,,,
31205588,MULTI_FAMILY,2025-04-19 00:00:00,73,https://www.zillow.com/homedetails/911-1st-Ave-Franklin-Square-NY-11010/31205588_zpid/,FOR_SALE,775000,"911 First Avenue, Franklin Square, NY 11010",11010,5.0,2.0,1342.0,4060.0,,,,Franklin Square,577.0,,,
31214211,SINGLE_FAMILY,2025-06-01 00:00:00,30,https://www.zillow.com/homedetails/708-Anderson-Ave-Franklin-Square-NY-11010/31214211_zpid/,FOR_SALE,838000,"708 Anderson Avenue, Franklin Square, NY 11010",11010,4.0,2.0,1274.0,6000.0,,,,Franklin Square,658.0,,,
31203152,SINGLE_FAMILY,2025-06-06 00:00:00,25,https://www.zillow.com/homedetails/128-Hunnewell-Ave-Elmont-NY-11003/31203152_zpid/,FOR_SALE,759000,"128 Hunnewell Avenue, Elmont, NY 11003",11003,4.0,3.0,1200.0,6300.0,,,,Elmont,632.0,,,
31204531,SINGLE_FAMILY,2025-01-29 00:00:00,153,https://www.zillow.com/homedetails/140-Hoffman-St-Franklin-Square-NY-11010/31204531_zpid/,FOR_SALE,849000,"140 Hoffman Street, Franklin Square, NY 11010",11010,2.0,2.0,6000.0,6000.0,,,,Franklin Square,142.0,,,
31205486,SINGLE_FAMILY,2025-05-03 00:00:00,59,https://www.zillow.com/homedetails/850-1st-Ave-Franklin-Square-NY-11010/31205486_zpid/,FOR_SALE,999000,"850 First Avenue, Franklin Square, NY 11010",11010,5.0,2.0,1978.0,5480.0,,,,Franklin Square,505.0,,,
31203280,SINGLE_FAMILY,2025-03-18 00:00:00,105,https://www.zillow.com/homedetails/14-Clement-Ave-Elmont-NY-11003/31203280_zpid/,FOR_SALE,754999,"14 Clement Avenue, Elmont, NY 11003",11003,4.0,2.0,1188.0,4000.0,,,,Elmont,636.0,,,
31186604,SINGLE_FAMILY,2025-05-23 00:00:00,39,https://www.zillow.com/homedetails/1113-5th-Ave-New-Hyde-Park-NY-11040/31186604_zpid/,FOR_SALE,900000,"1113 5th Avenue, New Hyde Park, NY 11040",11040,4.0,3.0,2349.0,3981.0,,,,New Hyde Park,383.0,,,
31094368,SINGLE_FAMILY,2025-02-28 00:00:00,123,https://www.zillow.com/homedetails/525-Lakeville-Rd-New-Hyde-Park-NY-11040/31094368_zpid/,FOR_SALE,929000,"525 Lakeville Road, New Hyde Park, NY 11040",11040,6.0,3.0,1589.0,6000.0,,,,New Hyde Park,585.0,,,
31093874,SINGLE_FAMILY,2025-05-28 00:00:00,34,https://www.zillow.com/homedetails/937-N-4th-St-New-Hyde-Park-NY-11040/31093874_zpid/,FOR_SALE,955000,"937 N 4th Street, New Hyde Park, NY 11040",11040,4.0,3.0,1212.0,5000.0,,,,New Hyde Park,788.0,,,
31095770,SINGLE_FAMILY,2025-05-18 00:00:00,44,https://www.zillow.com/homedetails/2041-New-Hyde-Park-Rd-New-Hyde-Park-NY-11040/31095770_zpid/,FOR_SALE,999000,"2041 New Hyde Park Road, New Hyde Park, NY 11040",11040,3.0,3.0,,6000.0,,,,New Hyde Park,,,,
31096271,SINGLE_FAMILY,2025-05-30 00:00:00,32,https://www.zillow.com/homedetails/1626-Park-Ave-New-Hyde-Park-NY-11040/31096271_zpid/,FOR_SALE,899000,"1626 Park Avenue, New Hyde Park, NY 11040",11040,4.0,2.0,2047.0,6000.0,,,,New Hyde Park,439.0,,,
31186127,MULTI_FAMILY,2025-04-17 00:00:00,75,https://www.zillow.com/homedetails/2196-Jericho-Tpke-New-Hyde-Park-NY-11040/31186127_zpid/,FOR_SALE,788888,"2196 Jericho Turnpike, New Hyde Park, NY 11040",11040,,,,,,,,New Hyde Park,,,,
31120602,SINGLE_FAMILY,2025-05-30 00:00:00,32,https://www.zillow.com/homedetails/11-2nd-Ave-New-Hyde-Park-NY-11040/31120602_zpid/,FOR_SALE,950000,"11 2nd Avenue, New Hyde Park, NY 11040",11040,4.0,2.0,2556.0,4000.0,,,,New Hyde Park,372.0,,,
31100903,SINGLE_FAMILY,2025-06-02 00:00:00,29,https://www.zillow.com/homedetails/534-Sperry-Blvd-New-Hyde-Park-NY-11040/31100903_zpid/,FOR_SALE,0,"534 Sperry Blvd, New Hyde Park, NY 11040",11040,,1.0,1050.0,3920.4,,,,New Hyde Park,0.0,,,
31078414,SINGLE_FAMILY,2025-06-20 00:00:00,11,https://www.zillow.com/homedetails/10-Cross-St-Port-Washington-NY-11050/31078414_zpid/,FOR_SALE,899000,"10 Cross Street, Port Washington, NY 11050",11050,3.0,2.0,1259.0,7000.0,,,,Port Washington,714.0,,,
167383643,MULTI_FAMILY,2025-06-12 00:00:00,19,https://www.zillow.com/homedetails/20-Oldwood-Rd-Pt-Washington-NY-11050/167383643_zpid/,FOR_SALE,899000,"20 Oldwood Road, Port Washington, NY 11050",11050,3.0,3.0,1426.0,4125.0,,,,Port Washington,630.0,,,
31085086,SINGLE_FAMILY,2025-05-29 00:00:00,33,https://www.zillow.com/homedetails/12-Lowell-Rd-Port-Washington-NY-11050/31085086_zpid/,FOR_SALE,995000,"12 Lowell Road, Port Washington, NY 11050",11050,4.0,2.0,1654.0,7200.0,,,,Port Washington,602.0,,,
31080766,SINGLE_FAMILY,2025-04-02 00:00:00,90,https://www.zillow.com/homedetails/26-Bayside-Ave-Port-Washington-NY-11050/31080766_zpid/,FOR_SALE,999000,"26 Bayside Avenue, Port Washington, NY 11050",11050,3.0,2.0,1208.0,0.257598714416896,,,,Port Washington,827.0,,,
31079540,SINGLE_FAMILY,2025-04-14 00:00:00,78,https://www.zillow.com/homedetails/46-Sagamore-Hill-Dr-Port-Washington-NY-11050/31079540_zpid/,FOR_SALE,895000,"46 Sagamore Hill Drive, Port Washington, NY 11050",11050,5.0,2.0,1740.0,4300.0,,,,Port Washington,514.0,,,
31079035,SINGLE_FAMILY,2025-05-31 00:00:00,31,https://www.zillow.com/homedetails/14-Marwood-Rd-S-Port-Washington-NY-11050/31079035_zpid/,FOR_SALE,768000,"14 Marwood Road S, Port Washington, NY 11050",11050,3.0,2.0,1050.0,3000.0,,,,Port Washington,731.0,,,
31081868,SINGLE_FAMILY,2025-03-06 00:00:00,117,https://www.zillow.com/homedetails/28-Charles-St-Port-Washington-NY-11050/31081868_zpid/,FOR_SALE,768000,"28 Charles Street, Port Washington, NY 11050",11050,3.0,2.0,1108.0,2275.0,,,,Port Washington,693.0,,,
31078508,SINGLE_FAMILY,2025-05-30 00:00:00,32,https://www.zillow.com/homedetails/32-Henderson-Ave-Port-Washington-NY-11050/31078508_zpid/,FOR_SALE,739000,"32 Henderson Avenue, Port Washington, NY 11050",11050,2.0,1.0,1050.0,1701.0,,,,Port Washington,704.0,,,
31079647,SINGLE_FAMILY,2025-06-11 00:00:00,20,https://www.zillow.com/homedetails/6-Pequot-Ave-Port-Washington-NY-11050/31079647_zpid/,FOR_SALE,749000,"6 Pequot Avenue, Port Washington, NY 11050",11050,3.0,1.0,1100.0,4000.0,,,,Port Washington,681.0,,,
31081578,SINGLE_FAMILY,2025-06-10 00:00:00,21,https://www.zillow.com/homedetails/21-Herbert-Ave-Port-Washington-NY-11050/31081578_zpid/,FOR_SALE,975000,"21 Herbert Avenue, Port Washington, NY 11050",11050,3.0,2.0,1021.0,4600.0,,,,Port Washington,955.0,,,
31078144,SINGLE_FAMILY,2025-06-26 00:00:00,5,https://www.zillow.com/homedetails/49-Radcliff-Ave-Port-Washington-NY-11050/31078144_zpid/,FOR_SALE,808000,"49 Radcliff Avenue, Port Washington, NY 11050",11050,4.0,2.0,1148.0,7000.0,,,,Port Washington,704.0,,,
31079025,SINGLE_FAMILY,2025-05-22 00:00:00,40,https://www.zillow.com/homedetails/13-Linwood-Rd-S-Port-Washington-NY-11050/31079025_zpid/,FOR_SALE,689000,"13 Linwood Road S, Port Washington, NY 11050",11050,2.0,1.0,1000.0,3375.0,,,,Port Washington,689.0,,,
31079383,MULTI_FAMILY,2025-06-17 00:00:00,14,https://www.zillow.com/homedetails/44-Firwood-Rd-Port-Washington-NY-11050/31079383_zpid/,FOR_SALE,749000,"44 Firwood Road, Port Washington, NY 11050",11050,3.0,2.0,1160.0,4000.0,,,,Port Washington,646.0,,,
31084487,MULTI_FAMILY,2025-06-22 00:00:00,9,https://www.zillow.com/homedetails/73-Fairview-Ave-Port-Washington-NY-11050/31084487_zpid/,FOR_SALE,950000,"73 Fairview Ave, Port Washington, NY 11050",11050,,0.0,0.0,,,,,Port Washington,,,,
31083017,SINGLE_FAMILY,2025-03-27 00:00:00,96,https://www.zillow.com/homedetails/11-Beechwood-Ave-Port-Washington-NY-11050/31083017_zpid/,FOR_SALE,775000,"11 Beechwood Avenue, Port Washington, NY 11050",11050,2.0,1.0,1117.0,4000.0,,,,Port Washington,694.0,,,
2101148188,MULTI_FAMILY,2025-06-17 00:00:00,14,https://www.zillow.com/homedetails/42-Firwood-Rd-Port-Washington-NY-11050/2101148188_zpid/,FOR_SALE,749000,"42 Firwood Road, Port Washington, NY 11050",11050,,2.0,1061.0,4000.0,,,,Port Washington,706.0,,,
31079056,SINGLE_FAMILY,2025-02-24 00:00:00,127,https://www.zillow.com/homedetails/26-Linwood-Rd-S-Port-Washington-NY-11050/31079056_zpid/,FOR_SALE,794999,"26 Linwood Rd, Port Washington, NY 11050",11050,3.0,2.0,,1544.0,,,,Port Washington,,,,
32091774,SINGLE_FAMILY,2025-06-24 00:00:00,7,https://www.zillow.com/homedetails/88-51-239th-St-Jamaica-NY-11426/32091774_zpid/,FOR_SALE,749000,"88-51 239th St, Jamaica, NY 11426",11426,3.0,2.0,0.0,,,,,Jamaica,,,,
32090397,SINGLE_FAMILY,2025-06-17 00:00:00,14,https://www.zillow.com/homedetails/83-36-243rd-St-Jamaica-NY-11426/32090397_zpid/,FOR_SALE,749000,"83-36 243 Street, Bellerose, NY 11426",11426,4.0,1.0,1028.0,,,,,Bellerose,729.0,,,
32101456,SINGLE_FAMILY,2025-06-10 00:00:00,21,https://www.zillow.com/homedetails/9133-245th-St-Jamaica-NY-11426/32101456_zpid/,FOR_SALE,850000,"9133 245th St, Jamaica, NY 11426",11426,4.0,3.0,1800.0,2208.0,,,,Jamaica,472.0,,,
32099027,SINGLE_FAMILY,2025-06-24 00:00:00,7,https://www.zillow.com/homedetails/8001-249th-St-Jamaica-NY-11426/32099027_zpid/,FOR_SALE,759000,"8001 249th St, Jamaica, NY 11426",11426,3.0,3.0,1224.0,,,,,Jamaica,620.0,,,
32101245,SINGLE_FAMILY,2025-06-11 00:00:00,20,https://www.zillow.com/homedetails/24459-89th-Ave-Jamaica-NY-11426/32101245_zpid/,FOR_SALE,888000,"244-59 89th Avenue, Bellerose, NY 11426",11426,4.0,3.0,1628.0,2320.0,,,,Bellerose,545.0,,,
32099677,SINGLE_FAMILY,2025-06-26 00:00:00,5,https://www.zillow.com/homedetails/25214-82nd-Rd-Jamaica-NY-11426/32099677_zpid/,FOR_SALE,925000,"252-14 82 Road, Bellerose, NY 11426",11426,4.0,3.0,1304.0,,,,,Bellerose,709.0,,,
32091327,SINGLE_FAMILY,2025-06-06 00:00:00,25,https://www.zillow.com/homedetails/24102-86th-Rd-Jamaica-NY-11426/32091327_zpid/,FOR_SALE,898000,"241-02 86th Road, Bellerose, NY 11426",11426,3.0,4.0,1592.0,3000.0,,,,Bellerose,564.0,,,
32092131,SINGLE_FAMILY,2025-04-19 00:00:00,73,https://www.zillow.com/homedetails/24223-90th-Ave-Jamaica-NY-11426/32092131_zpid/,FOR_SALE,779000,"24223 90th Avenue, Bellerose, NY 11426",11426,3.0,2.0,1592.0,2850.0,,,,Bellerose,489.0,,,
32100871,SINGLE_FAMILY,2025-05-04 00:00:00,58,https://www.zillow.com/homedetails/24843-88th-Rd-Jamaica-NY-11426/32100871_zpid/,FOR_SALE,969999,"248-43 88th Road, Bellerose, NY 11426",11426,4.0,3.0,1476.0,4844.0,,,,Bellerose,657.0,,,
32101246,SINGLE_FAMILY,2025-06-19 00:00:00,12,https://www.zillow.com/homedetails/24457-89th-Ave-Jamaica-NY-11426/32101246_zpid/,FOR_SALE,849000,"24457 89th Ave, Jamaica, NY 11426",11426,4.0,2.0,1628.0,,,,,Jamaica,521.0,,,
32101626,SINGLE_FAMILY,2025-05-01 00:00:00,61,https://www.zillow.com/homedetails/24816-88th-Dr-Jamaica-NY-11426/32101626_zpid/,FOR_SALE,890000,"24816 88th Drive, Bellerose, NY 11426",11426,3.0,3.0,1456.0,3000.0,,,,Bellerose,611.0,,,
452681776,SINGLE_FAMILY,2025-05-28 00:00:00,34,https://www.zillow.com/homedetails/87-18-248th-St-1-Bellerose-NY-11426/452681776_zpid/,FOR_SALE,775000,"87-18 248th St #1, Bellerose, NY 11426",11426,3.0,3.0,1485.0,,,,,Bellerose,522.0,,,
32100572,SINGLE_FAMILY,2025-06-08 00:00:00,23,https://www.zillow.com/homedetails/8618-248th-St-Bellerose-NY-11426/32100572_zpid/,FOR_SALE,949000,"8618 248th St, Bellerose, NY 11426",11426,3.0,2.0,1485.0,4356.0,,,,Bellerose,639.0,,,
32099057,SINGLE_FAMILY,2024-11-21 00:00:00,222,https://www.zillow.com/homedetails/8039-249th-St-Jamaica-NY-11426/32099057_zpid/,FOR_SALE,730000,"80-39 249th Street, Bellerose, NY 11426",11426,3.0,2.0,,1634.0,,,,Bellerose,,,,
32111462,MULTI_FAMILY,2025-06-05 00:00:00,26,https://www.zillow.com/homedetails/95-16-82nd-St-Jamaica-NY-11416/32111462_zpid/,FOR_SALE,450000,"95-16 82nd street, Ozone Park, NY 11416",11416,,,,,,,,Ozone Park,,,,
32110177,SINGLE_FAMILY,2025-05-21 00:00:00,41,https://www.zillow.com/homedetails/8919-96th-St-Jamaica-NY-11421/32110177_zpid/,FOR_SALE,725000,"8919 96th St, Jamaica, NY 11421",11421,3.0,2.0,1296.0,,,,,Jamaica,559.0,,,
32109708,SINGLE_FAMILY,2025-06-27 00:00:00,4,https://www.zillow.com/homedetails/8404-89th-Ave-Jamaica-NY-11421/32109708_zpid/,FOR_SALE,658000,"8404 89th Avenue, Woodhaven, NY 11421",11421,3.0,2.0,1404.0,1485.0,,,,Woodhaven,469.0,,,
32105477,SINGLE_FAMILY,2025-04-05 00:00:00,87,https://www.zillow.com/homedetails/86-22-77th-St-Jamaica-NY-11421/32105477_zpid/,FOR_SALE,660000,"86-22 77 st, Woodhaven, NY 11421",11421,3.0,2.0,1200.0,,,,,Woodhaven,550.0,,,
32106289,MULTI_FAMILY,2025-07-01 00:00:00,0,https://www.zillow.com/homedetails/8602-89th-St-Jamaica-NY-11421/32106289_zpid/,FOR_SALE,925499,"8602 89th Street, Woodhaven, NY 11421",11421,5.0,2.0,1920.0,2017.0,,,,Woodhaven,482.0,,,
2062681656,SINGLE_FAMILY,2025-05-18 00:00:00,44,https://www.zillow.com/homedetails/88-38-74th-Pl-Woodhaven-NY-11421/2062681656_zpid/,FOR_SALE,749999,"88-38 74th Pl, Woodhaven, NY 11421",11421,3.0,3.0,1215.0,,,,,Woodhaven,617.0,,,
2062377429,SINGLE_FAMILY,2025-04-17 00:00:00,75,https://www.zillow.com/homedetails/91-22-92nd-St-Woodhaven-NY-11421/2062377429_zpid/,FOR_SALE,735000,"91-22 92nd St, Woodhaven, NY 11421",11421,3.0,3.0,1312.0,,,,,Woodhaven,560.0,,,
2056714575,SINGLE_FAMILY,2025-05-11 00:00:00,51,https://www.zillow.com/homedetails/80-16-Park-Ln-S-Woodhaven-NY-11421/2056714575_zpid/,FOR_SALE,649000,"80-16 Park Lane S, Woodhaven, NY 11421",11421,2.0,2.0,1120.0,1120.0,,,,Woodhaven,579.0,,,
32111051,MULTI_FAMILY,2025-06-18 00:00:00,13,https://www.zillow.com/homedetails/94-06-76th-St-Jamaica-NY-11416/32111051_zpid/,FOR_SALE,999000,"9406 76th Street, Ozone Park, NY 11416",11416,5.0,3.0,1814.0,2100.0,,,,Ozone Park,551.0,,,
32109041,SINGLE_FAMILY,2025-06-26 00:00:00,5,https://www.zillow.com/homedetails/9238-77th-St-Jamaica-NY-11421/32109041_zpid/,FOR_SALE,725000,"92-38 77th Street, Woodhaven, NY 11421",11421,3.0,3.0,1140.0,1600.0,,,,Woodhaven,636.0,,,
32110608,SINGLE_FAMILY,2025-02-28 00:00:00,123,https://www.zillow.com/homedetails/9112-91st-Ave-Jamaica-NY-11421/32110608_zpid/,FOR_SALE,559000,"9112 91st Ave, Woodhaven, NY 11421",11421,4.0,2.0,1288.0,1280.0,,,,Woodhaven,434.0,,,
32107170,SINGLE_FAMILY,2025-05-04 00:00:00,58,https://www.zillow.com/homedetails/8829-74th-Pl-Jamaica-NY-11421/32107170_zpid/,FOR_SALE,679000,"8829 74th Place, Woodhaven, NY 11421",11421,3.0,2.0,1264.0,2014.0,,,,Woodhaven,537.0,,,
32105641,MULTI_FAMILY,2025-05-28 00:00:00,34,https://www.zillow.com/homedetails/8564-79th-St-Jamaica-NY-11421/32105641_zpid/,FOR_SALE,795000,"8564 79th St, Jamaica, NY 11421",11421,3.0,2.0,1530.0,,,,,Jamaica,520.0,,,
32112776,SINGLE_FAMILY,2025-04-30 00:00:00,62,https://www.zillow.com/homedetails/9744-93rd-St-Jamaica-NY-11416/32112776_zpid/,FOR_SALE,979000,"9744 93rd Street, Ozone Park, NY 11416",11416,4.0,2.0,4500.0,4500.0,,,,Ozone Park,218.0,,,
32111654,MULTI_FAMILY,2025-05-04 00:00:00,58,https://www.zillow.com/homedetails/8717-95th-Ave-Jamaica-NY-11416/32111654_zpid/,FOR_SALE,925000,"87-17 95th Ave, Ozone Park, NY 11416",11416,5.0,2.0,,,,,,Ozone Park,,,,
2056707978,SINGLE_FAMILY,2025-03-04 00:00:00,119,https://www.zillow.com/homedetails/89-17-91st-St-Woodhaven-NY-11421/2056707978_zpid/,FOR_SALE,825000,"89-17 91st Street, Woodhaven, NY 11421",11421,3.0,3.0,1800.0,2000.0,,,,Woodhaven,458.0,,,
2060315619,MULTI_FAMILY,2025-04-10 00:00:00,82,https://www.zillow.com/homedetails/87-44-89th-St-Woodhaven-NY-11421/2060315619_zpid/,FOR_SALE,950000,"87-44 89th Street, Woodhaven, NY 11421",11421,5.0,2.0,1626.0,1854.0,,,,Woodhaven,584.0,,,
32110714,MULTI_FAMILY,2025-05-14 00:00:00,48,https://www.zillow.com/homedetails/9217-92nd-St-Jamaica-NY-11421/32110714_zpid/,FOR_SALE,999000,"9217 92nd Street, Woodhaven, NY 11421",11421,5.0,3.0,1364.0,1710.0,,,,Woodhaven,732.0,,,
32113543,MULTI_FAMILY,2025-04-26 00:00:00,66,https://www.zillow.com/homedetails/10133-95th-St-Jamaica-NY-11416/32113543_zpid/,FOR_SALE,999000,"101-33 95 Street, Ozone Park, NY 11416",11416,4.0,2.0,,,,,,Ozone Park,,,,
32110121,MULTI_FAMILY,2025-03-03 00:00:00,120,https://www.zillow.com/homedetails/9213-91st-Ave-Jamaica-NY-11421/32110121_zpid/,FOR_SALE,928000,"9213 91st Ave, Jamaica, NY 11421",11421,6.0,3.0,1904.0,,,,,Jamaica,487.0,,,
450242719,SINGLE_FAMILY,2025-01-22 00:00:00,160,https://www.zillow.com/homedetails/8600-80th-St-Woodhaven-NY-11421/450242719_zpid/,FOR_SALE,828000,"8600 80th Street, Woodhaven, NY 11421",11421,3.0,2.0,1478.0,2000.0,,,,Woodhaven,560.0,,,
32109855,SINGLE_FAMILY,2025-06-17 00:00:00,14,https://www.zillow.com/homedetails/8909-86th-St-Jamaica-NY-11421/32109855_zpid/,FOR_SALE,729888,"89-09 86th Street, Woodhaven, NY 11421",11421,3.0,3.0,1500.0,2000.0,,,,Woodhaven,487.0,,,
2069148743,MULTI_FAMILY,2025-05-08 00:00:00,54,https://www.zillow.com/homedetails/87-38-94th-St-Woodhaven-NY-11421/2069148743_zpid/,FOR_SALE,998000,"87-38 94th Street, Woodhaven, NY 11421",11421,5.0,2.0,2160.0,2160.0,,,,Woodhaven,462.0,,,
32105732,SINGLE_FAMILY,2025-05-07 00:00:00,55,https://www.zillow.com/homedetails/85-06-79th-St-Jamaica-NY-11421/32105732_zpid/,FOR_SALE,688000,"85-06 79th Street, Woodhaven, NY 11421",11421,3.0,2.0,2018.0,2018.0,,,,Woodhaven,341.0,,,
32099578,SINGLE_FAMILY,2025-06-13 00:00:00,18,https://www.zillow.com/homedetails/8216-251st-St-Jamaica-NY-11426/32099578_zpid/,FOR_SALE,950000,"82-16 251st Street, Bellerose, NY 11426",11426,3.0,2.0,1051.0,4000.0,,,,Bellerose,904.0,,,
32099773,SINGLE_FAMILY,2025-06-12 00:00:00,19,https://www.zillow.com/homedetails/8317-247th-St-Jamaica-NY-11426/32099773_zpid/,FOR_SALE,855000,"83-17 247th Street, Bellerose, NY 11426",11426,2.0,1.0,1143.0,4000.0,,,,Bellerose,748.0,,,
32100876,SINGLE_FAMILY,2025-05-01 00:00:00,61,https://www.zillow.com/homedetails/24829-88th-Rd-Jamaica-NY-11426/32100876_zpid/,FOR_SALE,949000,"248-29 88 Road, Bellerose, NY 11426",11426,4.0,1.0,1456.0,5175.0,,,,Bellerose,652.0,,,
32098989,SINGLE_FAMILY,2025-05-28 00:00:00,34,https://www.zillow.com/homedetails/8023-247th-St-Jamaica-NY-11426/32098989_zpid/,FOR_SALE,949000,"8023 247th Street, Bellerose, NY 11426",11426,5.0,2.0,1055.0,4000.0,,,,Bellerose,900.0,,,
143532741,SINGLE_FAMILY,2024-10-31 00:00:00,243,https://www.zillow.com/homedetails/8835-241st-St-Bellerose-NY-11426/143532741_zpid/,FOR_SALE,999000,"8835 241st, Bellerose, NY 11426",11426,3.0,3.0,1600.0,3001.0,,,,Bellerose,624.0,,,
32101299,SINGLE_FAMILY,2025-03-28 00:00:00,95,https://www.zillow.com/homedetails/8849-247th-St-Jamaica-NY-11426/32101299_zpid/,FOR_SALE,780000,"88-49 247 Street, Bellerose, NY 11426",11426,3.0,2.0,,2500.0,,,,Bellerose,,,,
32099464,SINGLE_FAMILY,2025-06-25 00:00:00,6,https://www.zillow.com/homedetails/82-12-247th-St-Jamaica-NY-11426/32099464_zpid/,FOR_SALE,0,"82-12 247th St, Jamaica, NY 11426",11426,5.0,3.0,1900.0,3920.4,,,,Jamaica,0.0,,,
32113497,MULTI_FAMILY,2025-04-17 00:00:00,75,https://www.zillow.com/homedetails/10114-95th-St-Jamaica-NY-11416/32113497_zpid/,FOR_SALE,950900,"101-14 95th Street, Ozone Park, NY 11416",11416,5.0,2.0,2290.0,2614.0,,,,Ozone Park,415.0,,,
2058130528,MULTI_FAMILY,2024-11-21 00:00:00,222,https://www.zillow.com/homedetails/89-04-88th-Ave-Woodhaven-NY-11421/2058130528_zpid/,FOR_SALE,920000,"89-04 88th Avenue, Woodhaven, NY 11421",11421,6.0,3.0,1950.0,2258.0,,,,Woodhaven,472.0,,,
32111704,MULTI_FAMILY,2025-01-16 00:00:00,166,https://www.zillow.com/homedetails/9520-89th-St-Jamaica-NY-11416/32111704_zpid/,FOR_SALE,699000,"9520 89th Street, Ozone Park, NY 11416",11416,4.0,3.0,1216.0,1600.0,,,,Ozone Park,575.0,,,
32105927,SINGLE_FAMILY,2025-05-31 00:00:00,31,https://www.zillow.com/homedetails/85-27-80th-St-Jamaica-NY-11421/32105927_zpid/,FOR_SALE,775000,"8527 80th Street, Woodhaven, NY 11421",11421,4.0,1.0,2100.0,1600.0,,,,Woodhaven,369.0,,,
32109247,SINGLE_FAMILY,2025-05-20 00:00:00,42,https://www.zillow.com/homedetails/9125-78th-St-Jamaica-NY-11421/32109247_zpid/,FOR_SALE,799000,"9125 78th St, Jamaica, NY 11421",11421,3.0,3.0,1376.0,,,,,Jamaica,581.0,,,
32107111,SINGLE_FAMILY,2025-05-03 00:00:00,59,https://www.zillow.com/homedetails/8838-74th-Pl-Jamaica-NY-11421/32107111_zpid/,FOR_SALE,749999,"8838 74th Place, Woodhaven, NY 11421",11421,3.0,3.0,1215.0,1850.0,,,,Woodhaven,617.0,,,
2078579378,MULTI_FAMILY,2025-04-16 00:00:00,76,https://www.zillow.com/homedetails/101-14-95th-St-Ozone-Park-NY-11416/2078579378_zpid/,FOR_SALE,950900,"101-14 95th St, Ozone Park, NY 11416",11416,5.0,2.0,2290.0,,,,,Ozone Park,415.0,,,
32107379,MULTI_FAMILY,2025-02-23 00:00:00,128,https://www.zillow.com/homedetails/88-56-77th-St-Jamaica-NY-11421/32107379_zpid/,FOR_SALE,799000,"8856 77th Street, Woodhaven, NY 11421",11421,4.0,3.0,1347.0,2500.0,,,,Woodhaven,593.0,,,
2060362540,SINGLE_FAMILY,2024-11-21 00:00:00,222,https://www.zillow.com/homedetails/97-03-Jamaica-Ave-Woodhaven-NY-11421/2060362540_zpid/,FOR_SALE,799000,"97-03 Jamaica Avenue, Jamaica, NY 11421",11421,2.0,2.0,,1053.0,,,,Jamaica,,,,
32105553,SINGLE_FAMILY,2025-06-08 00:00:00,23,https://www.zillow.com/homedetails/8624-79th-St-Jamaica-NY-11421/32105553_zpid/,FOR_SALE,838000,"8624 79 Street, Woodhaven, NY 11421",11421,4.0,2.0,1442.0,2500.0,,,,Woodhaven,581.0,,,
32108910,MULTI_FAMILY,2024-05-21 00:00:00,406,https://www.zillow.com/homedetails/7413-93rd-Ave-Jamaica-NY-11421/32108910_zpid/,FOR_SALE,999000,"7413 93rd Ave, Jamaica, NY 11421",11421,6.0,4.0,4250.0,,,,,Jamaica,235.0,,,
32107083,SINGLE_FAMILY,2025-01-22 00:00:00,160,https://www.zillow.com/homedetails/8592-98th-St-Jamaica-NY-11421/32107083_zpid/,FOR_SALE,779000,"8592 98th Street, Woodhaven, NY 11421",11421,3.0,3.0,1580.0,1884.0,,,,Woodhaven,493.0,,,
448470586,SINGLE_FAMILY,2025-03-18 00:00:00,105,https://www.zillow.com/homedetails/Woodhaven-NY-11421/448470586_zpid/,FOR_SALE,859000,"(undisclosed Address), Woodhaven, NY 11421",11421,6.0,2.0,2078.0,,,,,Woodhaven,413.0,,,
2056722119,SINGLE_FAMILY,2025-05-14 00:00:00,48,https://www.zillow.com/homedetails/89-27-91st-St-Woodhaven-NY-11421/2056722119_zpid/,FOR_SALE,769000,"89-27 91st Street, Woodhaven, NY 11421",11421,4.0,3.0,,1900.0,,,,Woodhaven,,,,
32105817,MULTI_FAMILY,2025-03-28 00:00:00,95,https://www.zillow.com/homedetails/8021-86th-Ave-Jamaica-NY-11421/32105817_zpid/,FOR_SALE,860000,"80-21 86 Avenue, Woodhaven, NY 11421",11421,6.0,2.0,2064.0,1975.0,,,,Woodhaven,417.0,,,
2061239538,MULTI_FAMILY,2025-05-06 00:00:00,56,https://www.zillow.com/homedetails/97-22-84th-St-Ozone-Park-NY-11416/2061239538_zpid/,FOR_SALE,795000,"97-22 84th Street, Ozone Park, NY 11416",11416,,,,,,,,Ozone Park,,,,
2080383289,SINGLE_FAMILY,2025-03-09 00:00:00,114,https://www.zillow.com/homedetails/103-48-96th-St-Ozone-Park-NY-11417/2080383289_zpid/,FOR_SALE,988000,"103-48 96 St, Ozone Park, NY 11417",11417,4.0,3.0,2366.0,,,,,Ozone Park,418.0,,,
2060699241,SINGLE_FAMILY,2025-06-26 00:00:00,5,https://www.zillow.com/homedetails/76-38-Park-Ln-S-Woodhaven-NY-11421/2060699241_zpid/,FOR_SALE,0,"76-38 Park Ln S, Woodhaven, NY 11421",11421,,,2400.0,2178.0,,,,Woodhaven,0.0,,,
32111036,MULTI_FAMILY,2025-05-02 00:00:00,60,https://www.zillow.com/homedetails/94-13-Forbell-St-Jamaica-NY-11416/32111036_zpid/,FOR_SALE,0,"94-13 Forbell St, Jamaica, NY 11416",11416,4.0,2.0,1384.0,2613.6,,,,Jamaica,0.0,,,
31100346,SINGLE_FAMILY,2025-07-01 00:00:00,0,https://www.zillow.com/homedetails/31-Pilgrim-St-New-Hyde-Park-NY-11040/31100346_zpid/,FOR_SALE,875000,"31 Pilgrim Street, New Hyde Park, NY 11040",11040,3.0,1.0,1320.0,5000.0,,,,New Hyde Park,663.0,,,
31202827,SINGLE_FAMILY,2025-07-01 00:00:00,0,https://www.zillow.com/homedetails/1055-Rosegold-St-Franklin-Square-NY-11010/31202827_zpid/,FOR_SALE,699000,"1055 Rosegold Street, Franklin Square, NY 11010",11010,3.0,1.0,1249.0,4000.0,,,,Franklin Square,560.0,,,
32115413,SINGLE_FAMILY,2025-07-01 00:00:00,0,https://www.zillow.com/homedetails/8563-98th-St-Woodhaven-NY-11421/32115413_zpid/,FOR_SALE,798200,"8563 98th St, Woodhaven, NY 11421",11421,4.0,3.0,1800.0,,,,,Woodhaven,443.0,,,
454230938,MULTI_FAMILY,2025-07-01 00:00:00,0,https://www.zillow.com/homedetails/86-02-89th-St-2-Woodhaven-NY-11421/454230938_zpid/,FOR_SALE,925499,"86-02 89th St #2, Woodhaven, NY 11421",11421,5.0,2.0,0.0,,,,,Woodhaven,,,,
32110496,SINGLE_FAMILY,2025-07-01 00:00:00,0,https://www.zillow.com/homedetails/8916-91st-Ave-Jamaica-NY-11421/32110496_zpid/,FOR_SALE,999000,"89-16 91 Avenue, Woodhaven, NY 11421",11421,4.0,2.0,1211.0,2600.0,,,,Woodhaven,825.0,,,
32613615,SINGLE_FAMILY,2025-06-27 00:00:00,5,https://www.zillow.com/homedetails/336-Nicolls-Rd-Deer-Park-NY-11729/32613615_zpid/,FOR_SALE,989900,"336 Nicolls Road, Deer Park, NY 11729",11729,5.0,4.0,4270.0,0.339761248852157,,,,Deer Park,232.0,,,
31239390,SINGLE_FAMILY,2025-02-15 00:00:00,137,https://www.zillow.com/homedetails/808-Franklin-Ave-Valley-Stream-NY-11580/31239390_zpid/,FOR_SALE,715000,"808 Franklin Avenue, Valley Stream, NY 11580",11580,3.0,2.0,1266.0,5880.0,,,,Valley Stream,565.0,,,
2056585734,MULTI_FAMILY,2025-07-02 00:00:00,0,https://www.zillow.com/homedetails/91-39-85th-St-Woodhaven-NY-11421/2056585734_zpid/,FOR_SALE,0,"91-39 85th St, Woodhaven, NY 11421",11421,3.0,6.0,1280.0,1742.4,,,,Woodhaven,0.0,,,
31173827,SINGLE_FAMILY,2025-05-26 00:00:00,38,https://www.zillow.com/homedetails/44-Geranium-Ave-Floral-Park-NY-11001/31173827_zpid/,FOR_SALE,889990,"44 Geranium Avenue, Floral Park, NY 11001",11001,3.0,3.0,1751.0,4000.0,,,,Floral Park,508.0,,,
31078444,SINGLE_FAMILY,2025-07-02 00:00:00,1,https://www.zillow.com/homedetails/16-Avenue-A-Port-Washington-NY-11050/31078444_zpid/,FOR_SALE,898000,"16 Avenue A, Port Washington, NY 11050",11050,3.0,2.0,1400.0,5000.0,,,,Port Washington,641.0,,,
31081271,SINGLE_FAMILY,2025-07-03 00:00:00,0,https://www.zillow.com/homedetails/57-Marino-Ave-Port-Washington-NY-11050/31081271_zpid/,FOR_SALE,849999,"57 Marino Avenue, Port Washington, NY 11050",11050,3.0,2.0,1140.0,5760.0,,,,Port Washington,746.0,,,
32106583,SINGLE_FAMILY,2025-07-03 00:00:00,0,https://www.zillow.com/homedetails/85-30-90th-St-Jamaica-NY-11421/32106583_zpid/,FOR_SALE,759000,"8530 90th Street, Woodhaven, NY 11421",11421,3.0,3.0,1639.0,2018.0,,,,Woodhaven,463.0,,,
31093133,SINGLE_FAMILY,2025-07-04 00:00:00,0,https://www.zillow.com/homedetails/19-Gerard-Ave-New-Hyde-Park-NY-11040/31093133_zpid/,FOR_SALE,0,"19 Gerard Ave, New Hyde Park, NY 11040",11040,6.0,2.0,1910.0,5662.8,,,,New Hyde Park,0.0,,,
32109502,SINGLE_FAMILY,2025-07-04 00:00:00,0,https://www.zillow.com/homedetails/9119-82nd-St-Jamaica-NY-11421/32109502_zpid/,FOR_SALE,749000,"9119 82nd Street, Woodhaven, NY 11421",11421,3.0,2.0,1392.0,2000.0,,,,Woodhaven,538.0,,,
32108416,MULTI_FAMILY,2025-07-06 00:00:00,0,https://www.zillow.com/homedetails/8744-89th-St-Jamaica-NY-11421/32108416_zpid/,FOR_SALE,939000,"87-44 89 Street, Woodhaven, NY 11421",11421,4.0,3.0,,1846.0,,,,Woodhaven,,,,
31111762,SINGLE_FAMILY,2025-07-08 00:00:00,1,https://www.zillow.com/homedetails/445-Wellington-Rd-Mineola-NY-11501/31111762_zpid/,FOR_SALE,839000,"445 Wellington Road, Mineola, NY 11501",11501,3.0,2.0,1601.0,4000.0,,,,Mineola,524.0,,,
31106543,SINGLE_FAMILY,2025-07-07 00:00:00,2,https://www.zillow.com/homedetails/180-Evelyn-Rd-Mineola-NY-11501/31106543_zpid/,FOR_SALE,899000,"180 Evelyn Road, Mineola, NY 11501",11501,4.0,2.0,1508.0,4000.0,,,,Mineola,596.0,,,
63216334,SINGLE_FAMILY,2025-07-09 00:00:00,0,https://www.zillow.com/homedetails/9-Smull-Pl-Port-Washington-NY-11050/63216334_zpid/,FOR_SALE,779000,"9 Smull Place, Port Washington, NY 11050",11050,3.0,2.0,1207.0,2964.0,,,,Port Washington,645.0,,,
32098979,SINGLE_FAMILY,2025-03-26 00:00:00,105,https://www.zillow.com/homedetails/8048-248th-St-Jamaica-NY-11426/32098979_zpid/,FOR_SALE,699000,"8048 248th Street, Bellerose, NY 11426",11426,3.0,1.0,1056.0,3900.0,,,,Bellerose,662.0,,,
2056717365,SINGLE_FAMILY,2025-07-08 00:00:00,1,https://www.zillow.com/homedetails/90-28-78th-St-Woodhaven-NY-11421/2056717365_zpid/,FOR_SALE,699888,"90-28 78th Street, Woodhaven, NY 11421",11421,3.0,2.0,1642.0,3800.0,,,,Woodhaven,426.0,,,
32109929,SINGLE_FAMILY,2025-07-07 00:00:00,2,https://www.zillow.com/homedetails/8805-91st-Ave-Jamaica-NY-11421/32109929_zpid/,FOR_SALE,829000,"88-05 91st Avenue, Woodhaven, NY 11421",11421,4.0,3.0,1280.0,1540.0,,,,Woodhaven,648.0,,,
31171372,SINGLE_FAMILY,2025-07-10 00:00:00,0,https://www.zillow.com/homedetails/19-Superior-Rd-Floral-Park-NY-11001/31171372_zpid/,FOR_SALE,899000,"19 Superior Road, Bellerose Village, NY 11001",11001,3.0,2.0,1280.0,4450.0,,,,Bellerose Village,702.0,,,
31186660,SINGLE_FAMILY,2025-07-10 00:00:00,0,https://www.zillow.com/homedetails/502-S-11th-St-New-Hyde-Park-NY-11040/31186660_zpid/,FOR_SALE,999000,"502 S 11th Street, New Hyde Park, NY 11040",11040,4.0,2.0,1605.0,5100.0,,,,New Hyde Park,622.0,,,
31109907,SINGLE_FAMILY,2025-07-10 00:00:00,0,https://www.zillow.com/homedetails/68-Moore-St-New-Hyde-Park-NY-11040/31109907_zpid/,FOR_SALE,660000,"68 Moore Street, New Hyde Park, NY 11040",11040,2.0,1.0,738.0,5000.0,,,,New Hyde Park,894.0,,,
2060202135,SINGLE_FAMILY,2025-07-08 00:00:00,2,https://www.zillow.com/homedetails/New-Hyde-Park-NY-11040/2060202135_zpid/,FOR_SALE,756000,"(undisclosed Address), New Hyde Park, NY 11040",11040,4.0,2.0,1249.0,5000.0,,,,New Hyde Park,605.0,,,
31081257,SINGLE_FAMILY,2025-07-10 00:00:00,0,https://www.zillow.com/homedetails/18-Neulist-Ave-Port-Washington-NY-11050/31081257_zpid/,FOR_SALE,929000,"18 Neulist Avenue, Port Washington, NY 11050",11050,3.0,2.0,1668.0,4320.0,,,,Port Washington,557.0,,,
454890261,SINGLE_FAMILY,2025-07-10 00:00:00,0,https://www.zillow.com/homedetails/94-05-Forbell-St-1-Ozone-Park-NY-11416/454890261_zpid/,FOR_SALE,749000,"94-05 Forbell St #1, Ozone Park, NY 11416",11416,3.0,2.0,0.0,,,,,Ozone Park,,,,
31173292,SINGLE_FAMILY,2025-07-11 00:00:00,2,https://www.zillow.com/homedetails/53-Spruce-Ave-Floral-Park-NY-11001/31173292_zpid/,FOR_SALE,880000,"53 Spruce Avenue, Floral Park, NY 11001",11001,3.0,3.0,2047.0,5000.0,,,,Floral Park,430.0,,,
449943474,SINGLE_FAMILY,2025-07-11 00:00:00,2,https://www.zillow.com/homedetails/1297-S-St-Valley-Stream-NY-11580/449943474_zpid/,FOR_SALE,765000,"1297 S Street, Valley Stream, NY 11580",11580,6.0,2.0,2160.0,6588.0,,,,Valley Stream,354.0,,,
31186302,SINGLE_FAMILY,2025-07-12 00:00:00,1,https://www.zillow.com/homedetails/39-Hilton-Ave-New-Hyde-Park-NY-11040/31186302_zpid/,FOR_SALE,849000,"39 Hilton Avenue, New Hyde Park, NY 11040",11040,4.0,2.0,1238.0,5000.0,,,,New Hyde Park,686.0,,,
31100356,SINGLE_FAMILY,2025-07-11 00:00:00,2,https://www.zillow.com/homedetails/40-Pilgrim-St-New-Hyde-Park-NY-11040/31100356_zpid/,FOR_SALE,887000,"40 Pilgrim Street, New Hyde Park, NY 11040",11040,3.0,2.0,4200.0,4200.0,,,,New Hyde Park,211.0,,,
31109937,SINGLE_FAMILY,2025-07-11 00:00:00,2,https://www.zillow.com/homedetails/28-Ruxton-St-New-Hyde-Park-NY-11040/31109937_zpid/,FOR_SALE,899000,"28 Ruxton Street, New Hyde Park, NY 11040",11040,3.0,1.0,1064.0,5200.0,,,,New Hyde Park,845.0,,,
31202855,SINGLE_FAMILY,2025-07-12 00:00:00,1,https://www.zillow.com/homedetails/1111-Theodora-St-Franklin-Square-NY-11010/31202855_zpid/,FOR_SALE,779000,"1111 Theodora Street, Franklin Square, NY 11010",11010,4.0,2.0,1900.0,4000.0,,,,Franklin Square,410.0,,,
31214333,SINGLE_FAMILY,2025-07-11 00:00:00,2,https://www.zillow.com/homedetails/709-Seabury-Ave-Franklin-Square-NY-11010/31214333_zpid/,FOR_SALE,799000,"709 Seabury Avenue, Franklin Square, NY 11010",11010,3.0,2.0,1900.0,7442.0,,,,Franklin Square,421.0,,,
32106045,MULTI_FAMILY,2025-07-12 00:00:00,1,https://www.zillow.com/homedetails/8427-85th-Dr-Jamaica-NY-11421/32106045_zpid/,FOR_SALE,799000,"8427 85th Drive, Woodhaven, NY 11421",11421,,1.0,2778.0,4333.0,,,,Woodhaven,288.0,,,
32112659,MULTI_FAMILY,2025-07-11 00:00:00,2,https://www.zillow.com/homedetails/9740-90th-St-Jamaica-NY-11416/32112659_zpid/,FOR_SALE,900000,"97-40 90 Street, Ozone Park, NY 11416",11416,,,,,,,,Ozone Park,,,,
32118135,MULTI_FAMILY,2025-07-11 00:00:00,2,https://www.zillow.com/homedetails/8731-98th-St-Jamaica-NY-11421/32118135_zpid/,FOR_SALE,1000000,"8731 98 Street, Woodhaven, NY 11421",11421,,,,,,,,Woodhaven,,,,
31174548,SINGLE_FAMILY,2025-07-16 00:00:00,2,https://www.zillow.com/homedetails/98-Beech-St-Floral-Park-NY-11001/31174548_zpid/,FOR_SALE,975000,"98 Beech St, Floral Park, NY 11001",11001,3.0,2.0,1876.0,7361.0,,,,Floral Park,520.0,,,
31172013,MULTI_FAMILY,2025-07-16 00:00:00,2,https://www.zillow.com/homedetails/26-Depan-Ave-Floral-Park-NY-11001/31172013_zpid/,FOR_SALE,850000,"26 Depan Avenue, Floral Park, NY 11001",11001,,,1326.0,3960.0,,,,Floral Park,641.0,,,
31109520,SINGLE_FAMILY,2025-07-18 00:00:00,0,https://www.zillow.com/homedetails/87-Roosevelt-Pl-Mineola-NY-11501/31109520_zpid/,FOR_SALE,499777,"87 Roosevelt Place, Mineola, NY 11501",11501,4.0,2.0,1367.0,4000.0,,,,Mineola,366.0,,,
31096205,MULTI_FAMILY,2025-07-17 00:00:00,1,https://www.zillow.com/homedetails/520-Lakeville-Rd-New-Hyde-Park-NY-11040/31096205_zpid/,FOR_SALE,999000,"520 Lakeville Road, New Hyde Park, NY 11040",11040,5.0,2.0,2005.0,3640.0,,,,New Hyde Park,498.0,,,
31095307,SINGLE_FAMILY,2025-07-15 00:00:00,3,https://www.zillow.com/homedetails/104-Cherry-Ln-Floral-Park-NY-11001/31095307_zpid/,FOR_SALE,699000,"104 Cherry Lane, Floral Park, NY 11001",11001,2.0,2.0,960.0,4000.0,,,,Floral Park,728.0,,,
31097408,SINGLE_FAMILY,2025-07-18 00:00:00,0,https://www.zillow.com/homedetails/1752-New-Hyde-Park-Rd-New-Hyde-Park-NY-11040/31097408_zpid/,FOR_SALE,835000,"1752 New Hyde Park Road, New Hyde Park, NY 11040",11040,4.0,3.0,1228.0,6250.0,,,,New Hyde Park,680.0,,,
31097484,SINGLE_FAMILY,2025-07-17 00:00:00,1,https://www.zillow.com/homedetails/2-Birch-Ln-New-Hyde-Park-NY-11040/31097484_zpid/,FOR_SALE,525000,"2 Birch Lane, New Hyde Park, NY 11040",11040,3.0,1.0,1442.0,6264.0,,,,New Hyde Park,364.0,,,
31205298,SINGLE_FAMILY,2025-07-16 00:00:00,2,https://www.zillow.com/homedetails/890-Polk-Ave-Franklin-Square-NY-11010/31205298_zpid/,FOR_SALE,749900,"890 Polk Avenue, Franklin Square, NY 11010",11010,4.0,2.0,1274.0,6000.0,,,,Franklin Square,589.0,,,
31205809,SINGLE_FAMILY,2025-07-15 00:00:00,3,https://www.zillow.com/homedetails/10-Commonwealth-St-Franklin-Square-NY-11010/31205809_zpid/,FOR_SALE,788000,"10 Commonwealth Street, Franklin Square, NY 11010",11010,4.0,2.0,1475.0,,,,,Franklin Square,534.0,,,
31214274,SINGLE_FAMILY,2025-07-15 00:00:00,3,https://www.zillow.com/homedetails/767-Doughty-Ave-Franklin-Square-NY-11010/31214274_zpid/,FOR_SALE,879000,"767 Doughty Avenue, Franklin Square, NY 11010",11010,3.0,3.0,1267.0,7644.0,,,,Franklin Square,694.0,,,
31081760,SINGLE_FAMILY,2025-05-07 00:00:00,72,https://www.zillow.com/homedetails/85-Webster-Ave-Port-Washington-NY-11050/31081760_zpid/,FOR_SALE,999000,"85 Webster Avenue, Port Washington, NY 11050",11050,3.0,3.0,1963.0,6900.0,,,,Port Washington,509.0,,,
31080762,SINGLE_FAMILY,2025-07-18 00:00:00,0,https://www.zillow.com/homedetails/22-Harbor-Rd-Port-Washington-NY-11050/31080762_zpid/,FOR_SALE,899000,"22 Harbor Road, Port Washington, NY 11050",11050,3.0,2.0,1477.0,7308.0,,,,Port Washington,609.0,,,
32101009,SINGLE_FAMILY,2025-07-16 00:00:00,2,https://www.zillow.com/homedetails/8748-252nd-St-Jamaica-NY-11426/32101009_zpid/,FOR_SALE,799000,"8748 252nd Street, Bellerose, NY 11426",11426,2.0,3.0,1500.0,3142.0,,,,Bellerose,533.0,,,
32091298,SINGLE_FAMILY,2025-07-18 00:00:00,0,https://www.zillow.com/homedetails/24110-86th-Ave-Jamaica-NY-11426/32091298_zpid/,FOR_SALE,899000,"241-10 86th Avenue, Bellerose, NY 11426",11426,4.0,3.0,1595.0,2945.0,,,,Bellerose,564.0,,,
32099491,SINGLE_FAMILY,2025-07-17 00:00:00,1,https://www.zillow.com/homedetails/82-03-247th-St-Jamaica-NY-11426/32099491_zpid/,FOR_SALE,769000,"82-03 247 Street, Bellerose, NY 11426",11426,3.0,2.0,1425.0,,,,,Bellerose,540.0,,,
32111355,SINGLE_FAMILY,2025-07-15 00:00:00,3,https://www.zillow.com/homedetails/94-27-80th-St-Jamaica-NY-11416/32111355_zpid/,FOR_SALE,699000,"9427 80th Street, Ozone Park, NY 11416",11416,3.0,3.0,1.0,2020.0,,,,Ozone Park,699000.0,,,
31102214,SINGLE_FAMILY,2025-07-20 00:00:00,3,https://www.zillow.com/homedetails/149-Emory-Rd-Mineola-NY-11501/31102214_zpid/,FOR_SALE,899000,"149 Emory Rd, Mineola, NY 11501",11501,3.0,2.0,1344.0,5000.0,,,,Mineola,669.0,,,
31103617,SINGLE_FAMILY,2025-07-19 00:00:00,4,https://www.zillow.com/homedetails/40-Irwin-St-New-Hyde-Park-NY-11040/31103617_zpid/,FOR_SALE,879000,"40 Irwin Street, New Hyde Park, NY 11040",11040,4.0,2.0,1443.0,4500.0,,,,New Hyde Park,609.0,,,
31203403,SINGLE_FAMILY,2025-07-23 00:00:00,0,https://www.zillow.com/homedetails/191-Litchfield-Ave-Elmont-NY-11003/31203403_zpid/,FOR_SALE,499000,"191 Litchfield Avenue, Elmont, NY 11003",11003,3.0,2.0,1159.0,4000.0,,,,Elmont,431.0,,,
31189680,MULTI_FAMILY,2025-07-21 00:00:00,2,https://www.zillow.com/homedetails/1069-Concord-St-Franklin-Square-NY-11010/31189680_zpid/,FOR_SALE,0,"1069 Concord St, Franklin Square, NY 11010",11010,4.0,3.0,1526.0,3920.4,,,,Franklin Square,0.0,,,
31081241,SINGLE_FAMILY,2025-07-10 00:00:00,13,https://www.zillow.com/homedetails/27-Neulist-Ave-Port-Washington-NY-11050/31081241_zpid/,FOR_SALE,999999,"27 Neulist Avenue, Port Washington, NY 11050",11050,3.0,3.0,1492.0,8000.0,,,,Port Washington,670.0,,,
66489157,SINGLE_FAMILY,2025-07-23 00:00:00,0,https://www.zillow.com/homedetails/89-Pond-View-Dr-Pt-Washington-NY-11050/66489157_zpid/,FOR_SALE,769000,"89 Pond View Drive, Port Washington, NY 11050",11050,2.0,2.0,1238.0,31.6257,,,,Port Washington,621.0,,,
31081862,SINGLE_FAMILY,2025-07-04 00:00:00,19,https://www.zillow.com/homedetails/30-Monroe-St-Port-Washington-NY-11050/31081862_zpid/,FOR_SALE,0,"30 Monroe St, Port Washington, NY 11050",11050,3.0,3.0,1635.0,8276.4,,,,Port Washington,0.0,,,
32099284,SINGLE_FAMILY,2025-07-19 00:00:00,4,https://www.zillow.com/homedetails/81-51-248th-St-Jamaica-NY-11426/32099284_zpid/,FOR_SALE,849999,"8151 248th Street, Bellerose, NY 11426",11426,3.0,1.0,1100.0,4000.0,,,,Bellerose,773.0,,,
32107990,SINGLE_FAMILY,2025-07-23 00:00:00,0,https://www.zillow.com/homedetails/8011-88th-Ave-Jamaica-NY-11421/32107990_zpid/,FOR_SALE,749999,"8011 88th Avenue, Woodhaven, NY 11421",11421,3.0,2.0,1312.0,2300.0,,,,Woodhaven,572.0,,,
32108905,MULTI_FAMILY,2025-07-17 00:00:00,6,https://www.zillow.com/homedetails/7425-93rd-Ave-Jamaica-NY-11421/32108905_zpid/,FOR_SALE,998000,"7425 93rd Ave, Jamaica, NY 11421",11421,5.0,2.0,0.0,,,,,Jamaica,,,,
440536248,SINGLE_FAMILY,2025-07-10 00:00:00,13,https://www.zillow.com/homedetails/86-1a95th-Ave-Ozone-Park-NY-11416/440536248_zpid/,FOR_SALE,0,"86 1a95th Ave, Ozone Park, NY 11416",11416,4.0,3.0,2080.0,3484.8,,,,Ozone Park,0.0,,,
31176129,SINGLE_FAMILY,2025-07-24 00:00:00,4,https://www.zillow.com/homedetails/66-Webster-St-Floral-Park-NY-11001/31176129_zpid/,FOR_SALE,724990,"66 Webster Street, Floral Park, NY 11001",11001,4.0,2.0,1159.0,5000.0,,,,Floral Park,626.0,,,
31175589,SINGLE_FAMILY,2025-07-24 00:00:00,4,https://www.zillow.com/homedetails/32-Marshall-Ave-Floral-Park-NY-11001/31175589_zpid/,FOR_SALE,799000,"32 Marshall Avenue, Floral Park, NY 11001",11001,4.0,2.0,1640.0,4600.0,,,,Floral Park,487.0,,,
31094316,SINGLE_FAMILY,2025-07-28 00:00:00,0,https://www.zillow.com/homedetails/565-N-7th-St-New-Hyde-Park-NY-11040/31094316_zpid/,FOR_SALE,865000,"565 N 7th Street, New Hyde Park, NY 11040",11040,4.0,3.0,0.0,6000.0,,,,New Hyde Park,,,,
31186639,SINGLE_FAMILY,2025-07-25 00:00:00,3,https://www.zillow.com/homedetails/515-S-10th-St-New-Hyde-Park-NY-11040/31186639_zpid/,FOR_SALE,849000,"515 S 10th Street, New Hyde Park, NY 11040",11040,3.0,2.0,1278.0,4000.0,,,,New Hyde Park,664.0,,,
31095840,SINGLE_FAMILY,2025-07-25 00:00:00,3,https://www.zillow.com/homedetails/106-Bregman-Ave-New-Hyde-Park-NY-11040/31095840_zpid/,FOR_SALE,799000,"106 Bregman Avenue, New Hyde Park, NY 11040",11040,4.0,2.0,1271.0,6000.0,,,,New Hyde Park,629.0,,,
31099569,SINGLE_FAMILY,2025-07-27 00:00:00,1,https://www.zillow.com/homedetails/38-Surrey-Rd-New-Hyde-Park-NY-11040/31099569_zpid/,FOR_SALE,819000,"38 Surrey Road, New Hyde Park, NY 11040",11040,4.0,2.0,1289.0,5643.0,,,,New Hyde Park,635.0,,,
31096183,SINGLE_FAMILY,2025-07-26 00:00:00,2,https://www.zillow.com/homedetails/616-William-St-New-Hyde-Park-NY-11040/31096183_zpid/,FOR_SALE,924000,"616 William Street, New Hyde Park, NY 11040",11040,4.0,3.0,1862.0,4920.0,,,,New Hyde Park,496.0,,,
31100465,SINGLE_FAMILY,2025-07-25 00:00:00,3,https://www.zillow.com/homedetails/142-Kamda-Blvd-New-Hyde-Park-NY-11040/31100465_zpid/,FOR_SALE,859900,"142 Kamda Boulevard, New Hyde Park, NY 11040",11040,4.0,3.0,1414.0,5000.0,,,,New Hyde Park,608.0,,,
31212940,SINGLE_FAMILY,2025-07-26 00:00:00,2,https://www.zillow.com/homedetails/1042-Jerome-Rd-Franklin-Square-NY-11010/31212940_zpid/,FOR_SALE,799000,"1042 Jerome Road, Franklin Square, NY 11010",11010,4.0,3.0,1200.0,6000.0,,,,Franklin Square,666.0,,,
31189628,SINGLE_FAMILY,2025-07-25 00:00:00,3,https://www.zillow.com/homedetails/1059-Tulip-Ave-Franklin-Square-NY-11010/31189628_zpid/,FOR_SALE,699000,"1059 Tulip Avenue, Franklin Square, NY 11010",11010,3.0,2.0,1453.0,6500.0,,,,Franklin Square,481.0,,,
31189894,SINGLE_FAMILY,2025-07-24 00:00:00,4,https://www.zillow.com/homedetails/88-New-Hyde-Park-Rd-Franklin-Square-NY-11010/31189894_zpid/,FOR_SALE,799000,"88 New Hyde Park Road, Franklin Square, NY 11010",11010,3.0,2.0,1939.0,6000.0,,,,Franklin Square,412.0,,,
31206259,SINGLE_FAMILY,2025-07-28 00:00:00,0,https://www.zillow.com/homedetails/Franklin-Square-NY-11010/31206259_zpid/,FOR_SALE,759000,"(undisclosed Address), Franklin Square, NY 11010",11010,4.0,2.0,1210.0,3000.0,,,,Franklin Square,627.0,,,
2070193418,SINGLE_FAMILY,2025-07-24 00:00:00,4,https://www.zillow.com/homedetails/235-15-88th-Ave-Queens-Village-NY-11427/2070193418_zpid/,FOR_SALE,979999,"235-15 88th Avenue, Queens Village, NY 11427",11427,3.0,2.0,1608.0,6128.0,,,,Queens Village,609.0,,,
31101447,SINGLE_FAMILY,2025-07-31 00:00:00,1,https://www.zillow.com/homedetails/314-White-Rd-Mineola-NY-11501/31101447_zpid/,FOR_SALE,799000,"314 White Road, Mineola, NY 11501",11501,3.0,2.0,1300.0,4000.0,,,,Mineola,615.0,,,
31110348,SINGLE_FAMILY,2025-07-29 00:00:00,3,https://www.zillow.com/homedetails/42-Schumacher-Dr-New-Hyde-Park-NY-11040/31110348_zpid/,FOR_SALE,979000,"42 Schumacher Drive, New Hyde Park, NY 11040",11040,4.0,3.0,1900.0,6160.0,,,,New Hyde Park,515.0,,,
31096330,SINGLE_FAMILY,2025-07-29 00:00:00,3,https://www.zillow.com/homedetails/1305-Belmont-Ave-New-Hyde-Park-NY-11040/31096330_zpid/,FOR_SALE,899888,"1305 Belmont Avenue, New Hyde Park, NY 11040",11040,4.0,3.0,2132.0,3900.0,,,,New Hyde Park,422.0,,,
31203236,SINGLE_FAMILY,2025-07-29 00:00:00,3,https://www.zillow.com/homedetails/147-Evans-Ave-Elmont-NY-11003/31203236_zpid/,FOR_SALE,449999,"147 Evans Avenue, Elmont, NY 11003",11003,2.0,1.0,704.0,4264.0,,,,Elmont,639.0,,,
31206111,SINGLE_FAMILY,2025-08-01 00:00:00,0,https://www.zillow.com/homedetails/707-Benris-Ave-Franklin-Square-NY-11010/31206111_zpid/,FOR_SALE,798888,"707 Benris Avenue, Franklin Square, NY 11010",11010,3.0,2.0,1101.0,6000.0,,,,Franklin Square,726.0,,,
31202881,SINGLE_FAMILY,2025-04-24 00:00:00,99,https://www.zillow.com/homedetails/1120-Esther-St-Franklin-Square-NY-11010/31202881_zpid/,FOR_SALE,699000,"1120 Esther St, Franklin Square, NY 11010",11010,3.0,1.0,1285.0,4000.0,,,,Franklin Square,544.0,,,
455568498,SINGLE_FAMILY,2025-07-31 00:00:00,1,https://www.zillow.com/homedetails/23-Monroe-St-Franklin-Square-NY-11010/455568498_zpid/,FOR_SALE,995000,"23 Monroe Street, Franklin Square, NY 11010",11010,5.0,4.0,2265.0,4000.0,,,,Franklin Square,439.0,,,
31205995,SINGLE_FAMILY,2025-07-29 00:00:00,3,https://www.zillow.com/homedetails/190-Commonwealth-St-Franklin-Square-NY-11010/31205995_zpid/,FOR_SALE,949000,"190 Commonwealth Street, Franklin Square, NY 11010",11010,4.0,2.0,1713.0,6000.0,,,,Franklin Square,554.0,,,
31203148,SINGLE_FAMILY,2025-07-31 00:00:00,1,https://www.zillow.com/homedetails/110-Hunnewell-Ave-Elmont-NY-11003/31203148_zpid/,FOR_SALE,739000,"110 Hunnewell Avenue, Elmont, NY 11003",11003,3.0,2.0,1116.0,4200.0,,,,Elmont,662.0,,,
31190614,SINGLE_FAMILY,2025-07-29 00:00:00,3,https://www.zillow.com/homedetails/715-Iris-St-Franklin-Square-NY-11010/31190614_zpid/,FOR_SALE,849000,"715 Iris Street, Franklin Square, NY 11010",11010,4.0,3.0,1864.0,5200.0,,,,Franklin Square,455.0,,,
31205915,SINGLE_FAMILY,2025-07-30 00:00:00,2,https://www.zillow.com/homedetails/56-Fendale-St-Franklin-Square-NY-11010/31205915_zpid/,FOR_SALE,769000,"56 Fendale Street, Franklin Square, NY 11010",11010,3.0,3.0,1415.0,3000.0,,,,Franklin Square,543.0,,,
31172038,MULTI_FAMILY,2025-08-02 00:00:00,4,https://www.zillow.com/homedetails/59-Depan-Ave-Floral-Park-NY-11001/31172038_zpid/,FOR_SALE,999000,"59 Depan Avenue, Floral Park, NY 11001",11001,,,2366.0,5586.0,,,,Floral Park,422.0,,,
31102889,SINGLE_FAMILY,2025-08-01 00:00:00,5,https://www.zillow.com/homedetails/217-Hillside-Ave-New-Hyde-Park-NY-11040/31102889_zpid/,FOR_SALE,899000,"217 Hillside Avenue, New Hyde Park, NY 11040",11040,4.0,2.0,1104.0,4700.0,,,,New Hyde Park,814.0,,,
31206167,SINGLE_FAMILY,2025-08-04 00:00:00,2,https://www.zillow.com/homedetails/173-Semton-Blvd-Franklin-Square-NY-11010/31206167_zpid/,FOR_SALE,799000,"173 Semton Boulevard, Franklin Square, NY 11010",11010,4.0,3.0,1500.0,4000.0,,,,Franklin Square,533.0,,,
31205689,SINGLE_FAMILY,2025-08-06 00:00:00,0,https://www.zillow.com/homedetails/882-3rd-Ave-Franklin-Square-NY-11010/31205689_zpid/,FOR_SALE,899000,"882 Third Avenue, Franklin Square, NY 11010",11010,5.0,2.0,2107.0,6000.0,,,,Franklin Square,427.0,,,
31213372,SINGLE_FAMILY,2025-08-03 00:00:00,3,https://www.zillow.com/homedetails/1031-Jerome-Rd-Franklin-Square-NY-11010/31213372_zpid/,FOR_SALE,924999,"1031 Jerome Road, Franklin Square, NY 11010",11010,4.0,2.0,1700.0,7380.0,,,,Franklin Square,544.0,,,
31213444,SINGLE_FAMILY,2025-08-02 00:00:00,4,https://www.zillow.com/homedetails/601-Bernice-Rd-Franklin-Square-NY-11010/31213444_zpid/,FOR_SALE,948000,"601 Bernice Road, Franklin Square, NY 11010",11010,4.0,2.0,1820.0,8100.0,,,,Franklin Square,521.0,,,
31205942,SINGLE_FAMILY,2025-08-06 00:00:00,0,https://www.zillow.com/homedetails/36-Semton-Blvd-Franklin-Square-NY-11010/31205942_zpid/,FOR_SALE,799888,"36 Semton Boulevard, Franklin Square, NY 11010",11010,5.0,2.0,1229.0,4000.0,,,,Franklin Square,651.0,,,
32112072,SINGLE_FAMILY,2025-07-29 00:00:00,8,https://www.zillow.com/homedetails/9732-75th-St-Jamaica-NY-11416/32112072_zpid/,FOR_SALE,699900,"9732 75th Street, Ozone Park, NY 11416",11416,3.0,3.0,1294.0,1340.0,,,,Ozone Park,541.0,,,
346759292,SINGLE_FAMILY,2025-08-01 00:00:00,5,https://www.zillow.com/homedetails/91-30-Park-Ln-S-Woodhaven-NY-11421/346759292_zpid/,FOR_SALE,799000,"91-30 Park Ln S, Woodhaven, NY 11421",11421,4.0,2.0,1230.0,,,,,Woodhaven,650.0,,,
32111399,MULTI_FAMILY,2025-08-01 00:00:00,5,https://www.zillow.com/homedetails/8014-95th-Ave-Jamaica-NY-11416/32111399_zpid/,FOR_SALE,999000,"80-14 95th Avenue, Ozone Park, NY 11416",11416,7.0,3.0,2640.0,2000.0,,,,Ozone Park,378.0,,,
32110857,MULTI_FAMILY,2025-08-05 00:00:00,1,https://www.zillow.com/homedetails/9217-95th-St-Jamaica-NY-11421/32110857_zpid/,FOR_SALE,849000,"92-17 95th Street, Woodhaven, NY 11421",11421,4.0,3.0,,1800.0,,,,Woodhaven,,,,
32111424,MULTI_FAMILY,2025-08-06 00:00:00,0,https://www.zillow.com/homedetails/9519-80th-St-Ozone-Park-NY-11416/32111424_zpid/,FOR_SALE,0,"9519 80th St, Ozone Park, NY 11416",11416,4.0,2.0,1800.0,2613.6,,,,Ozone Park,0.0,,,
31171781,SINGLE_FAMILY,2025-08-09 00:00:00,5,https://www.zillow.com/homedetails/14-Spooner-St-Floral-Park-NY-11001/31171781_zpid/,FOR_SALE,699000,"14 Spooner Street, Floral Park, NY 11001",11001,3.0,2.0,1300.0,4000.0,,,,Floral Park,538.0,,,
31171669,SINGLE_FAMILY,2025-08-09 00:00:00,5,https://www.zillow.com/homedetails/39-Remsen-Ln-Floral-Park-NY-11001/31171669_zpid/,FOR_SALE,899000,"39 Remsen Lane, Floral Park, NY 11001",11001,4.0,4.0,1650.0,7642.0,,,,Floral Park,545.0,,,
31106446,SINGLE_FAMILY,2025-08-13 00:00:00,1,https://www.zillow.com/homedetails/222-Clemens-Rd-Mineola-NY-11501/31106446_zpid/,FOR_SALE,869999,"222 Clemens Road, Mineola, NY 11501",11501,4.0,3.0,1800.0,5000.0,,,,Mineola,483.0,,,
31106896,SINGLE_FAMILY,2025-08-14 00:00:00,0,https://www.zillow.com/homedetails/463-Macatee-Pl-Mineola-NY-11501/31106896_zpid/,FOR_SALE,925000,"463 Macatee Place, Mineola, NY 11501",11501,3.0,2.0,1977.0,4000.0,,,,Mineola,468.0,,,
31095905,SINGLE_FAMILY,2025-08-14 00:00:00,0,https://www.zillow.com/homedetails/25-Nugent-St-New-Hyde-Park-NY-11040/31095905_zpid/,FOR_SALE,819999,"25 Nugent Street, New Hyde Park, NY 11040",11040,4.0,2.0,1257.0,5200.0,,,,New Hyde Park,652.0,,,
31096842,SINGLE_FAMILY,2025-08-10 00:00:00,4,https://www.zillow.com/homedetails/1641-Falmouth-Ave-New-Hyde-Park-NY-11040/31096842_zpid/,FOR_SALE,938000,"1641 Falmouth Avenue, New Hyde Park, NY 11040",11040,3.0,2.0,1305.0,5000.0,,,,New Hyde Park,719.0,,,
31094062,SINGLE_FAMILY,2025-08-12 00:00:00,2,https://www.zillow.com/homedetails/555-N-1st-St-New-Hyde-Park-NY-11040/31094062_zpid/,FOR_SALE,775000,"555 N 1 Street, New Hyde Park, NY 11040",11040,3.0,1.0,1278.0,4000.0,,,,New Hyde Park,606.0,,,
31097569,SINGLE_FAMILY,2025-08-07 00:00:00,7,https://www.zillow.com/homedetails/28-Redwood-Rd-New-Hyde-Park-NY-11040/31097569_zpid/,FOR_SALE,949990,"28 Redwood Road, New Hyde Park, NY 11040",11040,4.0,2.0,1400.0,6000.0,,,,New Hyde Park,679.0,,,
31097255,SINGLE_FAMILY,2025-08-08 00:00:00,6,https://www.zillow.com/homedetails/1403-Park-Ave-New-Hyde-Park-NY-11040/31097255_zpid/,FOR_SALE,839000,"1403 Park Avenue, New Hyde Park, NY 11040",11040,4.0,2.0,1316.0,4000.0,,,,New Hyde Park,638.0,,,
31190205,SINGLE_FAMILY,2025-08-14 00:00:00,0,https://www.zillow.com/homedetails/138-Lincoln-Rd-Franklin-Square-NY-11010/31190205_zpid/,FOR_SALE,991600,"138 Lincoln Road, Franklin Square, NY 11010",11010,6.0,3.0,1975.0,4000.0,,,,Franklin Square,502.0,,,
31206054,SINGLE_FAMILY,2025-08-12 00:00:00,2,https://www.zillow.com/homedetails/122-Grange-St-Franklin-Square-NY-11010/31206054_zpid/,FOR_SALE,0,"122 Grange St, Franklin Square, NY 11010",11010,,2.0,1140.0,3920.4,,,,Franklin Square,0.0,,,
31078504,SINGLE_FAMILY,2025-08-08 00:00:00,6,https://www.zillow.com/homedetails/24-Henderson-Ave-Port-Washington-NY-11050/31078504_zpid/,FOR_SALE,695000,"24 Henderson Avenue, Port Washington, NY 11050",11050,2.0,1.0,0.0,3300.0,,,,Port Washington,,,,
31109163,SINGLE_FAMILY,2025-08-06 00:00:00,8,https://www.zillow.com/homedetails/151-Lincoln-Ave-Mineola-NY-11501/31109163_zpid/,FOR_SALE,870000,"151 Lincoln Avenue, Mineola, NY 11501",11501,4.0,2.0,1786.0,5000.0,,,,Mineola,487.0,,,
32090452,SINGLE_FAMILY,2025-08-05 00:00:00,9,https://www.zillow.com/homedetails/8014-232nd-St-Jamaica-NY-11427/32090452_zpid/,FOR_SALE,998000,"8014 232nd Street, Queens Village, NY 11427",11427,3.0,2.0,1713.0,5500.0,,,,Queens Village,583.0,,,
32113777,MULTI_FAMILY,2025-08-13 00:00:00,1,https://www.zillow.com/homedetails/10319-96th-St-Jamaica-NY-11417/32113777_zpid/,FOR_SALE,640000,"10319 96th Street, Ozone Park, NY 11417",11417,5.0,2.0,1543.0,2500.0,,,,Ozone Park,415.0,,,
32111093,MULTI_FAMILY,2025-08-10 00:00:00,4,https://www.zillow.com/homedetails/9522-75th-St-Jamaica-NY-11416/32111093_zpid/,FOR_SALE,989000,"95-22 75 STREET, Ozone Park, NY 11416",11416,4.0,3.0,1176.0,,,,,Ozone Park,841.0,,,
32107029,SINGLE_FAMILY,2025-08-13 00:00:00,1,https://www.zillow.com/homedetails/8540-98th-St-Jamaica-NY-11421/32107029_zpid/,FOR_SALE,899000,"8540 98th Street, Woodhaven, NY 11421",11421,3.0,1.0,1344.0,1612.0,,,,Woodhaven,669.0,,,
32112370,MULTI_FAMILY,2025-08-14 00:00:00,0,https://www.zillow.com/homedetails/9728-81st-St-Jamaica-NY-11416/32112370_zpid/,FOR_SALE,829888,"97-28 81 Street, Ozone Park, NY 11416",11416,4.0,2.0,1556.0,2000.0,,,,Ozone Park,533.0,,,
31213279,MULTI_FAMILY,2025-08-14 00:00:00,0,https://www.zillow.com/homedetails/1241-G-St-Valley-Stream-NY-11580/31213279_zpid/,FOR_SALE,899000,"1241 G Street, Valley Stream, NY 11580",11580,4.0,2.0,2102.0,,,,,Valley Stream,428.0,,,
32109872,SINGLE_FAMILY,2025-08-14 00:00:00,0,https://www.zillow.com/homedetails/89-40-88th-St-Jamaica-NY-11421/32109872_zpid/,FOR_SALE,699000,"8940 88th Street, Woodhaven, NY 11421",11421,4.0,2.0,1152.0,1600.0,,,,Woodhaven,607.0,,,
